time_fs,S0,S1,S2,S3,T1_m-1,T2_m-1,T3_m-1,T1_m0,T2_m0,T3_m0,T1_m+1,T2_m+1,T3_m+1
0.0,4.5871637078956596e-39,6.147081502439693e-32,1.0,5.044195759657137e-32,8.132899504802633e-34,1.2934415849779097e-32,2.3287658803388943e-32,2.9784668887652844e-33,2.3855692256209203e-32,2.023581046577867e-32,1.9684322178067294e-33,6.227892344830861e-34,4.689552275282572e-32
0.5,5.687089016194487e-08,4.015940950671598e-05,0.9999372808455779,2.2143829263037048e-05,2.906768128537681e-09,1.1235248832748177e-08,1.5193066773707597e-07,1.8878869913294825e-10,2.2171021307005104e-08,7.1511928367338586e-09,2.969003958268963e-09,1.0059010019504764e-08,1.504329779809429e-07
1.0,6.956282005084747e-07,9.926699720173596e-05,0.9995324872514085,0.0003664817796636279,1.2768624149778338e-09,1.739804820327657e-08,4.923048098267647e-07,7.525924414066511e-10,3.511776174852381e-08,4.950963385640549e-10,1.219390527075038e-09,9.309040052608257e-09,5.104699691296225e-07
1.5,4.646598308209382e-08,0.00018839698361513375,0.9995591801628596,0.0002505574050317707,1.167741482156527e-09,1.0852817775888444e-08,8.620864877942558e-07,5.070852890377571e-10,2.4980996107365373e-08,5.2549883440261445e-08,1.1734275392634603e-09,7.394480907683844e-10,8.64924544573112e-07
2.0,3.113517500937151e-09,0.0019094773642385414,0.9967663321869294,0.0013215856049117187,2.0077495338224136e-09,1.2753061612479745e-08,1.1706225157471888e-06,7.759448836385441e-10,5.071564982836212e-08,2.6754041747144377e-07,2.084581300027574e-09,2.9521373671150142e-09,1.0922782699572541e-06
2.5,5.670913754877754e-10,0.008383227088093885,0.9888445553858408,0.002768908023205604,3.279542195697808e-09,4.126036691638163e-08,1.3251751855268356e-06,2.0392682188248064e-09,1.2693630561088457e-07,5.605358846589445e-07,3.542571113696166e-09,1.3269376271703462e-08,1.2328971233326819e-06
3.0,6.194514442801456e-10,0.046179545386611794,0.9502622053982024,0.00355435782162824,6.228734035795531e-09,1.0871833880672395e-07,1.3176610340423362e-06,4.324401425991829e-09,2.2882324290238995e-07,7.955989990060685e-07,6.919958232993275e-09,3.4371973049493604e-08,1.3881273981548403e-06
3.5,2.390796544761672e-10,0.2639147580546446,0.731569503795392,0.004510823255542838,1.0925524655231958e-08,2.850331047492881e-07,1.359127529980585e-06,7.864205290038952e-09,3.6131693716373286e-07,9.570431775206529e-07,1.2571800962174992e-08,7.686722625193601e-08,1.8439058794408877e-06
4.0,5.379344196003645e-08,0.39967500044170595,0.5752293267815238,0.02360618516125166,1.4212289952263592e-08,9.357329058928745e-07,0.0007281726990505853,3.841715752802764e-08,4.7506508697978116e-07,8.846063944550344e-07,2.0185755963887228e-08,2.0236609364194805e-07,0.0007586905374268649
4.5,4.815906875342046e-09,0.3643170071913736,0.5931235106580105,0.04117458785878494,1.6323563741571592e-08,7.972267893027849e-05,0.0005956387096329457,6.671723805135386e-08,1.226910356661713e-06,1.5567472347421078e-07,2.514391635620053e-08,9.263168365190106e-05,0.0006154056338446035
5.0,3.592694817806327e-09,0.26278171953103846,0.46042682181290556,0.275713592213822,6.157524346769414e-09,0.0003035638658755134,0.00022241502681087785,1.1043131732268892e-07,9.555454578236902e-07,3.6921227892461827e-07,1.8296549718008243e-08,0.0003272964300321989,0.00022312788379971957
5.5,1.9619956763379436e-08,0.17369653564201393,0.06952265004453453,0.7559868649290701,9.673680365501164e-10,0.00026407165340542964,0.00012484247685310746,1.3000494152854658e-07,3.9775514793403076e-07,7.848991471375107e-07,1.1060995952673891e-08,0.00027813770104636167,0.0001255532454661987
6.0,3.264748501666574e-08,0.10864105344199212,0.029740222458945222,0.8610649819178335,1.1740589673050798e-09,0.00017473909163979274,9.660058147389356e-05,1.274150815785557e-07,1.0409494350847803e-07,8.818735767736943e-07,3.97750063437936e-09,0.00018097637731820723,0.0001002749480906289
6.5,3.72113217361381e-08,0.06714409391371709,0.049946997770002007,0.882510225737607,8.500038898907173e-09,0.00010692539930744256,8.660122186914111e-05,1.1133873964414838e-07,7.343400887357166e-09,7.785956914710763e-07,4.578917430554729e-09,0.00011191445438868519,9.229393493970137e-05
7.0,5.902835655325442e-08,0.04781896159863596,0.06464262936969674,0.8872149917542134,1.5106891275928728e-08,7.648237179695618e-05,7.875633949601339e-05,1.0169761877843128e-07,3.5470663399455753e-09,5.910120277345689e-07,1.0622689071900895e-08,8.271120662314431e-05,8.46863448172824e-05
7.5,1.438039149478494e-07,0.04195723330062183,0.06753955368390814,0.8902192748579933,1.3628445249632768e-08,6.703187420506983e-05,6.978174076156223e-05,1.0931391861520051e-07,1.0437823953343232e-08,3.922795075869642e-07,1.2132603612884865e-08,7.159647024012552e-05,7.484647607180877e-05
8.0,2.38990108439869e-07,0.035239984129711424,0.06084775672608432,0.9036713962763759,8.117652717684053e-09,5.5834519883082264e-05,6.215823920092804e-05,1.226309604045873e-07,1.4780201629708857e-08,2.255744759115872e-07,6.5992935130832016e-09,5.589463783247026e-05,6.635877829053662e-05
8.5,1.8146594434656742e-07,0.02137525397650068,0.051270480546154074,0.9271635660710899,8.266194628582824e-09,3.6061529207022163e-05,5.84676786915629e-05,1.2502066686336194e-07,4.654364698415812e-08,1.1423107103097677e-07,1.7557944757266986e-09,3.3303708221241075e-05,6.238920682067051e-05
9.0,5.472295301309934e-08,0.007865820687155745,0.04574378850376199,0.9462376633080969,1.5495796506583148e-08,1.6793191327662294e-05,5.806813149884506e-05,1.1709993494944571e-07,9.90507827400004e-08,6.10196563294412e-08,3.1882639084721785e-09,1.5331879019837024e-05,6.218372170031969e-05
9.5,1.079673953255172e-07,0.003901110609565601,0.051799868569867374,0.9441624713127829,2.172740193704889e-08,7.138201370201139e-06,5.786038095736428e-05,1.121378129682424e-07,1.2366743084007943e-07,4.969475614554039e-08,7.887641677210239e-09,8.867215442728729e-06,6.226062767749973e-05
10.0,1.8364364320128428e-07,0.008002204239215613,0.09424336318391442,0.8976215259416509,2.0740043736710744e-08,7.105348007697789e-06,5.5056810439688865e-05,1.1679601287655477e-07,1.0195003380526435e-07,6.372202024464465e-08,1.0584351126491693e-08,1.0660675331941883e-05,5.9586365351361864e-05
10.5,1.0947432761563179e-07,0.011840539501142609,0.6092502424466991,0.3787800406134279,1.5303798128834897e-08,1.1715144238228866e-05,4.880197033325214e-05,1.242810203687632e-07,6.843206367056834e-08,1.296581272721586e-07,1.0348068305807117e-08,1.4875607005625513e-05,5.332721966533242e-05
11.0,5.237510328542092e-08,0.010795902940091976,0.9792233823885842,0.00986010681822701,9.645637570788321e-09,1.741622984933975e-05,3.957666493589624e-05,1.3093275956986767e-07,4.727580929641555e-08,3.067623787678153e-07,8.086125351040264e-09,1.924716203812545e-05,4.381271845036686e-05
11.5,3.006072502027312e-08,0.006234553886588336,0.9918003598596518,0.0018555055446819726,6.652959312987995e-09,2.241233328506062e-05,2.9561225447059635e-05,1.374491761881711e-07,1.989007613229385e-08,7.338097774113541e-07,6.589495192766271e-09,2.3485041955371197e-05,3.3187656199410184e-05
12.0,5.00019164172335e-08,0.0026179514119249376,0.9955704018850605,0.001710422310214162,5.601070090217364e-09,2.3779622760135866e-05,2.417804643282345e-05,1.4616064051041475e-07,1.2490250804943306e-08,1.2892630337296729e-06,6.060066121882109e-09,2.476277269143778e-05,2.6994373824406705e-05
12.5,9.745172660152805e-08,0.0038502469095246517,0.9937467408814761,0.002309368262225216,5.034716800871789e-09,2.1424745142225412e-05,2.2066151316253274e-05,1.5724095622214633e-07,6.130832342517076e-08,2.154701672092512e-06,6.165819528349348e-09,2.211750976278255e-05,2.555363731182497e-05
13.0,2.0766570009801172e-07,0.014663438668597867,0.982864089566762,0.002384583270369992,4.395777536253783e-09,1.6800570515639036e-05,2.259803864765503e-05,1.7031286232653432e-07,1.550380301391989e-07,3.199937503000043e-06,7.660565432682679e-09,1.703157167427632e-05,2.7713302912152586e-05
13.5,5.452192618900118e-07,0.04781023990911361,0.9506745533780844,0.0014336882415868068,3.4228772443106447e-09,1.1239920736562631e-05,2.3637969954511235e-05,1.8084653269637427e-07,2.517665105016408e-07,4.168371490158485e-06,1.216477586740878e-08,1.1381585152008396e-05,3.009720400536232e-05
14.0,1.351578824347529e-06,0.12362950104000808,0.8760395634904822,0.00025920116734680875,2.550711569839455e-09,7.598366157869024e-06,2.140337531819268e-05,1.8457380048703527e-07,3.000396422356986e-07,4.578547433659422e-06,1.9316900517011227e-08,8.46666587101218e-06,2.7829287569297924e-05
14.5,2.228895128624052e-06,0.22915247387018717,0.7707233637824077,6.604324739449011e-05,2.7479115871273235e-09,8.082367622348448e-06,1.4211588339063548e-05,1.805996020456565e-07,2.887467157526806e-07,3.882130725386424e-06,2.6778466468566142e-08,9.864438295795752e-06,1.9350807198618103e-05
15.0,2.1521974402973496e-06,0.3056217727614801,0.6940689882080503,0.0002633486437127386,5.2505684307878815e-09,1.0478307079552928e-05,7.314362610071461e-06,1.6728746434749013e-07,2.7541152746846024e-07,2.23861838786838e-06,3.855369328108935e-08,1.2077674021975198e-05,1.1142724032318483e-05
15.5,2.1227687918963356e-06,0.3324087146866144,0.6674857265734438,6.348294659507401e-05,9.766531424033248e-09,1.0949771569328422e-05,6.637192960047494e-06,1.4432091739035056e-07,3.091948293148441e-07,1.0538048521250225e-06,5.4967929908550495e-08,1.1438798539303305e-05,9.355206321296219e-06
16.0,3.1031941487488137e-06,0.33014849089797244,0.6698077383503863,4.695977612313468e-06,1.4238057639120513e-08,9.62544171874545e-06,7.124701000306312e-06,1.3133740444225177e-07,3.554947150366976e-07,9.85412479276289e-07,6.562829242342583e-08,9.267817552447942e-06,8.401508869302624e-06
16.5,5.77862613022137e-06,0.33901645934700403,0.6608966276889273,5.605803207666313e-05,1.5122603059558518e-08,7.744167502645722e-06,4.161527838044748e-06,1.4206627172542453e-07,3.871512314397086e-07,9.719513116630155e-07,7.380942444429457e-08,6.975862950658598e-06,4.604646681503331e-06
17.0,6.5198069722531164e-06,0.38860975324048214,0.6113068227477874,6.286946166402691e-05,1.0410594484640576e-08,5.583662987837577e-06,1.0132112438933988e-06,1.7329664854803912e-07,4.3618855204606073e-07,4.870295027728888e-07,8.473324673772357e-08,4.675285774333304e-06,1.5709244413681577e-06
17.5,4.441820116179312e-06,0.3373824580330248,0.6625839883321052,1.9885221146652294e-05,2.692801845761196e-09,3.7448344226450866e-06,4.811303518445479e-07,2.2057924915970222e-07,5.31122910179801e-07,6.015810046592612e-08,8.49897175032348e-08,2.8784064255962864e-06,1.2226796842693234e-06
18.0,2.626165364929554e-06,0.2528513774356868,0.7471098491756651,2.5327723248580695e-05,1.3676678887776545e-09,2.6092692317556085e-06,2.218814570862559e-06,2.674831099968849e-07,6.918594959671427e-07,1.9354495673045705e-07,6.663612633191634e-08,1.854913227663599e-06,2.915611558418224e-06
18.5,3.5686501050643398e-06,0.17933939424983478,0.8206180448112472,2.3151896276027712e-05,2.0532770638252387e-08,2.1526053186462247e-06,4.6254085616427725e-06,2.842804363610806e-07,9.305043518282314e-07,8.132267017647088e-07,3.179438173910932e-08,1.5110180052834628e-06,5.471021917723581e-06
19.0,4.962825163764376e-06,0.1284941076584107,0.871416786550885,6.225648009494918e-05,5.767710559056529e-08,2.2415353467404454e-06,6.7727143019511406e-06,2.4974662842378225e-07,1.2172700928522779e-06,1.5679794284674785e-06,5.275902739518785e-09,1.7059865871279303e-06,8.068300096892504e-06
19.5,2.8148718054400442e-06,0.09524162016750468,0.9045434576661013,0.00018325649410318894,8.144148523011412e-08,2.8512501316101184e-06,8.986014030896472e-06,1.8610026786438094e-07,1.433994068684736e-06,2.3510859938413046e-06,1.7788968801111567e-08,2.4329275917502275e-06,1.0510198030746457e-05
20.0,7.20576516431201e-07,0.07073813073131185,0.9289307459246262,0.00029120159967543116,6.28471528717747e-08,3.926998678783511e-06,1.2718901207273505e-05,1.5481656989890742e-07,1.430008654792506e-06,3.5418738631787206e-06,6.246687773686376e-08,3.617869197772182e-06,1.3685385654256773e-05
20.5,8.786505938631279e-07,0.05078730650822108,0.9488325515015973,0.00028475679337251444,2.4046952676800658e-08,5.0401631640278515e-06,3.593162652018907e-05,1.827471407599563e-07,1.2091795335446161e-06,1.1086347280819221e-05,8.781835833283113e-08,4.7781334671403834e-06,3.616648385120697e-05
21.0,3.6661822518486923e-07,0.03514775320105916,0.9645021014041699,0.0002486047648291643,1.718709049553943e-08,5.647237976245477e-06,3.874982847973409e-05,2.256084530784031e-07,1.0483699699979742e-06,1.2072188349295166e-05,6.771068347193951e-08,5.343160962008763e-06,3.800271973627364e-05
21.5,7.501601027550353e-07,0.021818488456199533,0.9776271090319157,0.00044239364657514517,5.0222577835393226e-08,5.9544046747479054e-06,4.2623054590851765e-05,2.2615882193145772e-07,1.2704049361762064e-06,1.3542070130153802e-05,3.458871402979489e-08,5.548347570940537e-06,4.200945311096531e-05
22.0,1.971839805208152e-06,0.01319870536361969,0.9859257762115439,0.0007503138327851009,7.694259143097664e-08,7.904344947951953e-06,4.546690845985006e-05,1.9748850127107902e-07,2.6699870230289832e-06,1.4381128766543384e-05,4.0785515380686166e-08,7.254001496787534e-06,4.52411649072349e-05
22.5,4.338610789357411e-06,0.009178469157463575,0.9898981243968874,0.0007800217347122963,7.40748310605139e-08,1.4673082004343322e-05,4.5453186244592373e-05,1.8191456443806358e-07,6.0225895425961944e-06,1.3908433027360366e-05,7.335288203606246e-08,1.3438367905406465e-05,4.5221099067845405e-05
23.0,5.0824670437990935e-06,0.007223097701254749,0.992064867934816,0.0005462727157563437,5.66690521876256e-08,2.2810583473432235e-05,4.692824558498269e-05,1.8877400058713494e-07,9.35435825103462e-06,1.4388860870637061e-05,9.481006343968736e-08,2.0744514782622827e-05,4.61123651220167e-05
23.5,6.937051725545141e-06,0.004921236751545925,0.9944870853144984,0.0004016501682147823,5.539010942576208e-08,2.826892952084534e-05,5.0878169750182176e-05,1.9913410406533903e-07,1.121624701086796e-05,1.6948643029345924e-05,9.248195408136645e-08,2.556030229571576e-05,4.987141626656596e-05
24.0,8.502417281125925e-06,0.0023335061597005223,0.9970713639964317,0.00038577454218821525,6.851420638399079e-08,3.1692167418116785e-05,5.435329264035771e-05,1.9810311452484223e-07,1.2014993531063653e-05,2.0191073012350374e-05,8.446775086869488e-08,2.889248226833144e-05,5.335779042005447e-05
24.5,7.24276003582838e-06,0.0006401513136718009,0.9987829684897723,0.00036026540377668426,8.233389681622561e-08,3.170762619548117e-05,5.7064681094136366e-05,1.9218726864871214e-07,1.1609834857819578e-05,2.3113072232259318e-05,8.534667104499398e-08,2.9561117993331364e-05,5.5955832358646894e-05
25.0,4.85466556189019e-06,0.0005043503900556286,0.9990560414528491,0.0002333012632824157,8.306299745604828e-08,2.910260435061411e-05,5.5811229611237275e-05,1.9251954920544105e-07,1.0426296582107528e-05,2.3720131688491654e-05,9.733953747871099e-08,2.8119974973533432e-05,5.389906905984901e-05
25.5,2.0159952172475227e-06,0.0010896140123050405,0.9986261583821424,0.00011168037307150776,7.620657668623044e-08,2.5293779325610592e-05,4.6708472118957116e-05,2.0258998805803502e-07,8.944564615082372e-06,2.0147179474168768e-05,1.0794666816283895e-07,2.5574411484320758e-05,4.347608702835334e-05
26.0,1.9332030219753758e-07,0.001170196665435027,0.9986606946885447,4.820827660520322e-05,7.5389471479297e-08,2.110274504880225e-05,3.0239145745667508e-05,2.209146062887929e-07,7.366616272503981e-06,1.267875117942226e-05,1.1121724974628019e-07,2.2405431079261605e-05,2.6506838451647917e-05
26.5,1.0258111485733574e-06,0.0008326325781811226,0.9990848118538744,1.031490347640479e-05,9.364685057199373e-08,1.6459819032865807e-05,1.3825686031997205e-05,2.362554721724307e-07,5.672397188085354e-06,5.032384572018602e-06,1.1710451847609889e-07,1.8380982000479248e-05,1.1396577612128538e-05
27.0,9.232347235810247e-06,0.005570265021479152,0.9943779392241777,6.603564711825015e-08,1.303990269885614e-07,1.2042061867614584e-05,5.266086631171817e-06,2.467988279729182e-07,4.17688475757089e-06,1.4947119980602412e-06,1.3699950485643962e-07,1.4168894982797207e-05,4.834533794629196e-06
27.5,3.4053030625878163e-05,0.06142028055626528,0.9385089590735416,2.5006623704222393e-06,1.7275086852883703e-07,9.050651922176917e-06,4.079935844879088e-06,2.694134650547954e-07,3.2567343145122007e-06,1.798365192351074e-06,1.5645404063824572e-07,1.1064411398870204e-05,4.357960109061084e-06
28.0,7.937912653279375e-05,0.3302783944698988,0.6696108175313995,4.270509363659875e-06,2.3267268368139345e-07,6.82394342068246e-06,3.4960874490714997e-06,3.062475921078865e-07,2.585449592174525e-06,1.7274193727235308e-06,1.5785164233357158e-07,8.509463373772718e-06,3.299227911016162e-06
28.5,0.00011764422045670994,0.5268765907895305,0.4729883915797857,1.1444247311246327e-06,3.266362246551445e-07,4.9365927391204366e-06,1.1873520909636538e-06,3.265573838706651e-07,2.019396742005032e-06,3.4531131653663764e-07,1.4488290785463707e-07,6.173302961568818e-06,7.689530638853552e-07
29.0,0.00012021168457202777,0.5205021544222072,0.47936507367902315,9.62335322780504e-07,4.135710608557049e-07,3.8909350402276125e-06,2.1779832206614388e-07,3.107135301993168e-07,1.6960376806001517e-06,1.38336503812243e-07,1.0452362025783377e-07,4.551527482672498e-06,2.744355516113184e-07
29.5,9.328489625525167e-05,0.44624040234127005,0.5536513928822985,4.001030149990664e-06,4.4328164521842954e-07,3.390740013516412e-06,5.308499938146903e-07,2.5177003034508e-07,1.4839269283731756e-06,4.3817124017029794e-07,5.090643149025246e-08,3.2617047049173246e-06,1.0674991031225002e-06
30.0,6.025310076154307e-05,0.3668996697615014,0.6330253813121226,5.803262836206527e-06,3.826645641638759e-07,3.3968881752030122e-06,5.287187285967015e-07,1.6958215528351074e-07,1.3214804146865052e-06,1.1233445703273616e-07,3.164094925945365e-08,2.264085791504139e-06,6.851676721444278e-07
30.5,3.259774298430237e-05,0.3120683819349667,0.6878868825292361,4.114155683727043e-06,2.628851505566606e-07,4.105405338283347e-06,2.999812579751136e-07,9.506447412621561e-08,1.168767530765322e-06,2.0868867140235242e-08,8.147119649295941e-08,1.9178703377392007e-06,7.132282012332419e-08
31.0,1.3487252139318215e-05,0.29124176829548104,0.7087336783891105,1.4987746960839506e-06,1.6335932308263225e-07,5.464219541166798e-06,4.216493236655642e-08,5.031117034480563e-08,1.0122257929471332e-06,5.996699691064463e-08,1.8219906411853866e-07,2.4752548700135824e-06,1.1758686616772512e-07
31.5,4.655168998089602e-06,0.29348882258716874,0.7064912293860596,2.5125026733356905e-06,1.1649545663272926e-07,7.158731292312542e-06,1.791535333430999e-07,4.7413792540564545e-08,8.772598280760501e-07,4.40072123338283e-11,2.728488661233357e-07,3.773542817460714e-06,3.5486552215610103e-07
32.0,5.4470493511918975e-06,0.28970922297446494,0.7102573354363458,1.1716658075323758e-05,1.0361666951918482e-07,8.784870140541257e-06,4.642250512277636e-07,7.62776843234597e-08,7.430212214954052e-07,8.728747607519347e-08,3.074611566691466e-07,5.302208300990055e-06,4.089140817306208e-07
32.5,1.213378800773396e-05,0.2517309389980434,0.7482025391206887,3.6086744692864584e-05,9.998662263382483e-08,9.91557866782608e-06,3.818490166206422e-07,1.1305788951850035e-07,6.063405854776287e-07,1.6299768579303908e-07,2.768875635091842e-07,6.4828397092602356e-06,2.618109038093989e-07
33.0,2.099034203607624e-05,0.18654012662991867,0.8133418455919409,7.800293784923019e-05,9.363484978660323e-08,1.0522178231542194e-05,1.8774346521165986e-07,1.3647628141730303e-07,4.785880094057681e-07,1.1404080278282905e-07,2.0528920461375396e-07,7.1575270499672115e-06,1.3902040225631732e-07
33.5,2.7185273800827867e-05,0.13327237943657613,0.866564718506506,0.00011605474246106307,8.60910432934691e-08,1.087535159957138e-05,1.5849232444037724e-07,1.3767405230263894e-07,3.674980174676316e-07,7.911530484692911e-08,1.357099119768002e-07,7.682545251537546e-06,1.3956304061974013e-07
34.0,2.4068736823774023e-05,0.12834127320941982,0.871492234816709,0.00012254156634631624,8.474735232842399e-08,1.0793874920820068e-05,1.675651863328256e-07,1.1659962026572442e-07,3.09391657444289e-07,5.916800102112791e-08,1.0799256305910675e-07,8.091537401805584e-06,1.5079420611188373e-07
34.5,0.00027710010950926387,0.23182963381738458,0.7674883418993949,0.0003858401195233817,1.0100071392224048e-07,1.0093148186000637e-05,8.45110399492857e-08,1.0358137520994035e-07,2.8947012125503175e-07,2.0904301604403648e-08,1.498163441219234e-07,8.151408653297488e-06,9.021348408111834e-08
35.0,1.5647343002805131e-06,0.9909830943055953,0.008991761817205105,5.831358408003311e-06,1.22833161438996e-07,9.026840850596324e-06,6.132358906971702e-08,1.6357100282281472e-07,2.6150756204101483e-07,8.648555642197804e-09,1.9711950672273858e-07,7.839528449612718e-06,6.641179194928965e-08
35.5,9.165242509309137e-05,0.9933801340946623,0.006477025446728006,3.4422550660951824e-05,1.7040449573917632e-07,8.320934521311735e-06,1.6641849467382066e-08,2.1212203696769215e-07,2.487512561659989e-07,7.630373296369115e-09,1.9976702012992293e-07,7.583003080708983e-06,6.228184782858548e-09
36.0,3.0867927348398594e-05,0.6921101374647665,0.3078407292589268,5.786511171563275e-06,1.6960972045837128e-07,6.345163788435672e-06,4.244229766461207e-09,1.8110125837047105e-07,2.026931151770959e-07,1.6222148267359004e-08,1.7930877081396284e-07,5.361676879863712e-06,1.881786359379308e-08
36.5,2.5873801615712348e-05,0.4606959739383974,0.5392339299397132,3.311847049009104e-05,4.870555649334143e-08,5.476766574272215e-06,8.226169510248897e-09,1.6900207601728781e-07,1.8814364345209465e-07,6.625221763835547e-09,2.333951990858004e-08,5.169834575065327e-06,1.3206607034943693e-08
37.0,1.3932664138954279e-05,0.3065994970530342,0.6933583119901472,1.88826632765269e-05,2.2903347827071605e-08,4.021195356899113e-06,1.5839119529599302e-08,1.2411972158568805e-07,1.6877092757161473e-07,2.1774470109925194e-08,4.378435305997322e-08,4.946582946850454e-06,1.0659292435038507e-08
37.5,1.1717733845585065e-05,0.1880111603233583,0.8119646926185615,5.7864675432610675e-06,1.5935489545832254e-07,2.2171340090195473e-06,9.257083196745878e-09,8.664885769462391e-08,1.2348604390863492e-07,4.441510028553636e-08,1.7420883389938506e-07,3.826639152555248e-06,1.7126460116434775e-09
38.0,1.6585212812383707e-05,0.09001744108719721,0.9099567567955977,5.5174221249454405e-06,1.795525726393695e-07,1.0401045125144866e-06,2.1874222279692986e-09,5.5015397340675756e-08,6.540213653134306e-08,4.285820869782498e-08,1.8257707111579044e-07,2.126815324628367e-06,4.969511018750834e-09
38.5,7.481682335262695e-06,0.041481708857832554,0.9585061783562782,2.2676756305850522e-06,1.1620027198222892e-07,1.0465426328441997e-06,3.267138846119647e-09,1.4577679204659648e-08,4.3743179299394884e-08,3.550591191361418e-08,1.0876160058079425e-07,9.860215050915697e-07,8.808058368446826e-09
39.0,1.7623269504375577e-06,0.04470353201449618,0.9552903688543166,1.3591229235833208e-06,1.0499563112173186e-07,1.776035412330013e-06,5.39040642378055e-09,4.788177299977154e-10,5.949888391112215e-08,3.003491131056475e-08,1.0746186593565594e-07,8.88405222485238e-07,5.380237377789801e-09
39.5,5.421644606541301e-06,0.0515482231250358,0.9484396942783563,2.4536407194247863e-06,1.3041209372965354e-07,2.4493356268040916e-06,6.296545101816326e-09,1.655490483534077e-08,7.881850087708436e-08,2.975775507823496e-08,1.402576625701566e-07,1.3532744838750565e-06,2.60367909464422e-09
40.0,6.528464730961273e-06,0.03088715995398489,0.9690982190673454,3.3194790422471334e-06,1.385530173577382e-07,2.6253696368571637e-06,7.189090084766004e-09,3.089273785660997e-08,8.395121903653528e-08,3.172336448360559e-08,1.4978091867078466e-07,1.7013196369988807e-06,4.255320601295069e-09
40.5,3.490557252108311e-06,0.006287668824273225,0.9937027308460517,1.6729302850139891e-06,1.3113620687522747e-07,2.363865231493543e-06,7.489836327034099e-09,2.657719896184016e-08,7.831319932456271e-08,3.3268412998173334e-08,1.3717285711652496e-07,1.6506800972757988e-06,8.33903617328304e-09
41.0,4.18345449727574e-07,4.341575169873741e-05,0.9999517425989073,6.783759962457058e-07,1.2481772915185545e-07,1.9914899790388916e-06,8.781718679737936e-09,1.47301136390571e-08,6.893618578411678e-08,3.552987655113959e-08,1.280790559602295e-07,1.361074154110545e-06,1.1489063564477218e-08
41.5,3.7996905575163575e-07,0.0018888602012231046,0.9980936824366663,1.385528762813575e-05,1.1596432395487383e-07,1.7667313074947178e-06,1.1372675995984888e-08,7.92453196605904e-09,5.6323993306405476e-08,3.782554678904563e-08,1.2028548154769123e-07,1.0922282540559818e-06,1.3449302296557953e-08
42.0,1.0535064773271684e-06,0.0011804611137320473,0.9987579966336174,5.745701408188453e-05,1.040507753560588e-07,1.737648874035803e-06,1.3428408185807818e-08,4.738243385412748e-09,4.0289380270535395e-08,3.843290947963902e-08,1.0708538956302488e-07,9.71768303441159e-07,1.4289875736132471e-08
42.5,1.1804294789622326e-06,6.48870870421813e-05,0.9998088724041359,0.00012198869766458458,1.0022819659840744e-07,1.7789059889815127e-06,1.3567242183258028e-08,1.7139351158648072e-09,2.521119501057134e-08,3.7150275445286554e-08,9.985005046000085e-08,1.002350219975735e-06,1.2404675112083772e-08
43.0,2.9189387681145423e-06,5.438446867606125e-05,0.9997889997768201,0.00015057844859278505,9.923128642416329e-08,1.7340351766184115e-06,1.137987103129078e-08,2.279329037577539e-10,1.3099016428755394e-08,3.2618384478120834e-08,9.82501499415161e-08,1.1208570888803367e-06,8.668179474253475e-09
43.5,2.4134038803444457e-06,4.19107589634182e-05,0.9998444424654735,0.00010821444140215904,9.711147734930339e-08,1.539379492959586e-06,7.481588676393806e-09,8.753725700546989e-12,4.054670949588542e-09,2.5231230465208636e-08,9.62502697264915e-08,1.244215019965814e-06,5.197877505032157e-09
44.0,1.8452605661710907e-06,2.612972755912078e-05,0.9999237489945104,4.552840309293015e-05,9.867198135462005e-08,1.2238468918471894e-06,4.0983717013214325e-09,2.374539620032005e-10,1.1091129698199442e-10,1.7915264497743665e-08,9.759479987776504e-08,1.3022991234995225e-06,2.839372372982432e-09
44.5,1.5965812462910984e-06,4.659939166868833e-05,0.9999356947188965,1.3766111964267222e-05,1.0355137269465663e-07,8.603161524473153e-07,2.2459406902505106e-09,7.619849004939838e-10,1.4261890542235912e-09,1.2681536444255774e-08,1.0292016790585385e-07,1.2576739609169458e-06,1.6188610265689768e-09
45.0,1.202056386233926e-06,6.642583557818938e-05,0.9999267271688034,3.7523723518626082e-06,1.1123248874231924e-07,5.270195280628922e-07,1.262876878031274e-09,1.555024270545684e-09,5.9260579110689156e-09,9.495547711093663e-09,1.1125189050254004e-07,1.1238090183516125e-06,1.0144389980293309e-09
45.5,8.939354421574439e-07,0.00013418150541328813,0.999862711123224,7.288035274662146e-07,1.2267409948155747e-07,2.7297663775804306e-07,7.610198772777301e-10,2.9869324135674694e-09,1.1437556229403479e-08,7.783206578585868e-09,1.231828542204414e-07,9.42156584243018e-07,6.736971478201275e-10
46.0,7.077919172217594e-07,0.000150976185804367,0.999846997746576,1.5203397474796893e-07,1.3853697605597258e-07,1.0885698799545301e-07,5.904768357871584e-10,5.770451028034356e-09,1.648745361888351e-08,7.524489100463915e-09,1.3948837304421103e-07,7.484389908176589e-07,5.473862596553014e-10
46.5,6.16094042935944e-07,0.006595652295948626,0.9934027548412836,2.771719707815605e-08,1.5983750199474847e-07,2.3100493561205997e-08,5.488335472553501e-10,1.0839803494263954e-08,2.04303507407813e-08,8.561973073627545e-09,1.6155814959964377e-07,5.636267677161189e-07,5.47708412704131e-10
47.0,6.629109476496328e-07,0.9814386403308477,0.018559870702473183,6.413605991620637e-09,1.9087082019623898e-07,1.4368385120381062e-09,5.673574070813985e-10,2.040172477377308e-08,2.050172493970576e-08,1.0342940390309585e-08,1.9467113006599708e-07,3.801973924213806e-07,6.522727142951805e-10
47.5,9.273262514713718e-07,0.9907677120090979,0.009230555521912853,3.1620512681973066e-09,2.314816326878274e-07,2.1533703422284213e-08,6.073248693095726e-10,3.76707751322427e-08,1.7416343188448236e-08,1.1673037658404892e-08,2.3887483971597413e-07,2.418387224499407e-07,8.843040343023026e-10
48.0,1.4128467498727056e-06,0.9951858649075057,0.004811840496323532,3.0939437400844893e-09,2.8178805950673554e-07,4.5010976385869516e-08,9.138958662281103e-10,6.438132569854912e-08,1.257739250953178e-08,1.278854099605763e-08,2.902983044375492e-07,1.6959301848884218e-07,1.3040370750261907e-09
48.5,2.95152134060677e-06,0.998656132540721,0.0013398999766478777,2.4652957354251533e-09,3.416731076709021e-07,5.135983024561571e-08,1.628860597237136e-09,9.335593909355858e-08,9.95337727724222e-09,1.408963007203655e-08,3.4775264141692526e-07,1.5196360083165425e-07,1.7192096135319107e-09
49.0,0.002358161460006633,0.9922594978405807,0.005380917496877874,4.593754401562771e-07,3.261817924011379e-07,8.556687762930636e-08,5.57612522415283e-09,7.272598288898507e-08,7.09332973536891e-09,1.3107386008086438e-08,3.3242366613892216e-07,1.1643648976330042e-07,4.715355327956091e-09
49.5,0.001242563025828507,0.9958960483615279,0.0028603184858735187,3.778573828181461e-08,3.410708565941173e-07,2.067362966242259e-07,7.95499707719378e-09,6.772866460391711e-08,2.075879363682973e-09,1.3786039635259195e-08,3.415184533338e-07,4.404509804523544e-08,7.424789511651577e-09
50.0,0.0005526010128093425,0.9968015249012961,0.00264442721684505,1.2204860924117672e-07,4.273388165238966e-07,3.145067779440493e-07,5.6992816855445174e-09,1.000768795929626e-07,1.2563730859811376e-09,1.8683288503604728e-08,4.346152309778742e-07,1.592717309547486e-08,6.716597252732866e-09
50.5,0.0005585742781481737,0.9986464476853963,0.0007930329599595765,3.4874059896918726e-07,5.049734200055421e-07,3.6150651123630886e-07,6.240662217663796e-09,1.1964040014509756e-07,4.212354900938339e-09,2.3554953441255504e-08,5.156501025785805e-07,5.255905681122731e-08,7.998295701723747e-09
51.0,0.0007943663637624907,0.999132572947666,7.04789856248034e-05,6.732423060474315e-07,5.947250581255037e-07,3.982431928434429e-07,7.3249301101319255e-09,1.3328971912587138e-07,8.985933510408702e-09,3.06309510311882e-08,6.059685157741434e-07,1.2374990858059968e-07,5.5423334322659645e-09
51.5,0.0005982535029594567,0.9990706082888499,0.00032837870615937007,5.094908800344621e-07,7.02335557528571e-07,3.848426828875955e-07,4.3321894268126116e-09,1.6263420919649496e-07,1.3122814974596648e-08,4.1198576454979824e-08,7.198460928992575e-07,2.190742415664333e-07,2.6245620563318832e-09
52.0,0.00035962880941394735,0.999592108486735,4.163656247179614e-05,4.06276535123886e-06,8.195020885997332e-07,3.5278667928399426e-07,1.8748027680341775e-09,1.9450334165151543e-07,1.551677652722852e-08,4.336902257885172e-08,8.43136776680469e-07,2.8844233262175707e-07,4.244128023965186e-09
52.5,0.0005891334032237316,0.9993020727317514,9.321403209960351e-05,1.2760745519917659e-05,9.406961166936998e-07,3.014606424225802e-07,2.5350359741648908e-09,2.1970232370420456e-07,1.6116917149675087e-08,4.1062977202672906e-08,9.680723028873623e-07,3.2553013535845105e-07,3.9109991222137145e-09
53.0,0.004973444070492873,0.9949223465469453,9.331075767674384e-05,7.868574240528497e-06,1.0672003418116268e-06,2.385930762484579e-07,1.8981728471202393e-09,2.4320916269303245e-07,1.5494271442765413e-08,4.099592447842641e-08,1.096732781029856e-06,3.234250932113664e-07,2.501931667355142e-09
53.5,0.07177762732172072,0.9281234708298034,8.419556452192945e-05,1.1489700490751458e-05,1.1967651214347707e-06,1.7461369738061033e-07,1.6601988121316816e-09,2.6662852862283773e-07,1.4664520497926841e-08,3.789577009821915e-08,1.2297004266605835e-06,2.924793152087839e-07,2.175840716749838e-09
54.0,0.8854634283753684,0.11443405166752141,9.129161322651338e-05,7.8167200401442e-06,1.3193853845493292e-06,1.3622666426242422e-07,2.645143924205489e-09,2.8790203911507754e-07,1.707379126257524e-08,3.202093244437781e-08,1.3577418065031937e-06,2.564014939076449e-07,2.226611668098913e-09
54.5,0.9822156252673825,0.017690954450122247,8.317214593338149e-05,6.668169246997825e-06,1.4288329323505624e-06,1.0875749317995114e-07,4.540456289011766e-09,3.044162337023445e-07,2.042222249721312e-08,2.5744347500276115e-08,1.4752732471071322e-06,2.0946512769461685e-07,2.515297099751277e-09
55.0,0.99293850982792,0.0069715852511338045,8.16801987946462e-05,4.496062835033433e-06,1.5195568684042436e-06,9.765698840733913e-08,6.983975232554882e-09,3.1391888270312376e-07,2.4702711549530373e-08,2.0708776691149055e-08,1.5751775720389435e-06,1.668594305772976e-07,3.094015207511082e-09
55.5,0.993993014467383,0.005916377981837828,8.428427402303263e-05,2.472335438812772e-06,1.5863669178077284e-06,1.0231079489522886e-07,1.0098627315034671e-08,3.145872493629097e-07,2.8644225808517033e-08,1.7619469668537897e-08,1.6471733324355233e-06,1.3940676856344923e-07,4.733872592807369e-09
56.0,0.9923942968754479,0.007510244981841824,9.069788250846937e-05,8.437842400253611e-07,1.6187830758069225e-06,1.1549006943768636e-07,1.5029024273265107e-08,3.032740545347332e-07,2.9909807108178465e-08,1.6415388438194505e-08,1.676411907323606e-06,1.3186090979006948e-07,9.301693240286628e-09
56.5,0.990537661453592,0.009347791239792872,0.0001104590452731846,1.8080092054680295e-07,1.6139777931873937e-06,1.243234820343944e-07,2.36101377321662e-08,2.791914956912796e-07,2.667150859175308e-08,1.6914438485549338e-08,1.6635136143582897e-06,1.38342641827791e-07,2.0915191004118847e-08
57.0,0.9894326896240757,0.010422932924294087,0.00014049514098434478,1.325831637325573e-08,1.5921631863475637e-06,1.2193766304555223e-07,3.846235873669731e-08,2.4758202434139793e-07,1.9662480443000126e-08,1.896633048091108e-08,1.6365179759114462e-06,1.452804009748555e-07,4.848001541094277e-08
57.5,0.9891712357684471,0.01066030019836215,0.00016453312207101082,4.1630307129924906e-08,1.582691049614827e-06,1.1428600895816441e-07,6.433905713490544e-08,2.157854777599304e-07,1.1572292063252592e-08,2.2431889725511522e-08,1.6279000852325443e-06,1.4161572883622304e-07,1.0865909531968178e-07
58.0,0.9895093289292533,0.01032739941096174,0.0001589908239343429,2.2966882592170845e-07,1.6030690397708952e-06,1.1293676464479407e-07,1.103882597407486e-07,1.8813213608684652e-07,5.032187524452303e-09,2.6981701740452122e-08,1.6525610862728443e-06,1.2510881056754054e-07,2.269570518170002e-07
58.5,0.9903597569974347,0.00952549954614854,0.00010971928389996133,6.136187721608209e-07,1.6543100895247446e-06,1.223925858561554e-07,1.9274305926562503e-07,1.6508299323825215e-07,1.305414598964865e-09,3.1731507396088965e-08,1.7081116311763122e-06,1.019532742978319e-07,4.329231044914289e-07
59.0,0.9918489802700942,0.008103589256540656,4.1212188557644255e-05,1.2262240700486856e-06,1.7297452356730628e-06,1.338120482489645e-07,3.334740789374366e-07,1.4526441611508e-07,2.585738868213119e-10,3.507417067324619e-08,1.7875974983288979e-06,8.23099399592198e-08,7.445248747197432e-07
59.5,0.9939814058623351,0.005999226397431216,1.1536883830756528e-05,2.054897571029642e-06,1.8259374526316834e-06,1.3191955417013062e-07,5.485162644444405e-07,1.2753665635493058e-07,1.0323589318013844e-09,3.511059711724939e-08,1.8904071138959366e-06,7.458507045426943e-08,1.1409138252500401e-06
60.0,0.9963154772413592,0.003626829183511465,4.797755950721377e-05,3.048896047780683e-06,1.947726182915582e-06,1.1088367756482905e-07,8.225190126795607e-07,1.116628303156214e-07,2.5427269922570396e-09,3.0701461851736464e-08,2.0249071068354066e-06,8.05792834015847e-08,1.5355974557921045e-06
60.5,0.9981144653387712,0.0017692911643569452,0.00010463103230684904,4.137207048833448e-06,2.106241278548534e-06,8.297132335997273e-08,1.0859686152691062e-06,9.778146934305528e-08,3.6242642132066413e-09,2.2460162340308307e-08,2.2047089783872563e-06,9.304960981843964e-08,1.7784519535458783e-06
61.0,0.998977783194826,0.0008849313276309833,0.00012410749402839484,5.212297878571324e-06,2.313406104602567e-06,7.002473002642806e-08,1.2232844886119238e-06,8.567876360324164e-08,3.373380208742119e-09,1.2808217783638197e-08,2.4434048809374246e-06,9.93182039706105e-08,1.714386955729649e-06
61.5,0.9992641097138389,0.000614758045621765,0.00010696414959451852,6.152042701058605e-06,2.573725776804452e-06,9.596880483511601e-08,1.1273020564546598e-06,7.448822820201053e-08,1.7764795970310181e-09,4.901988361445721e-09,2.747686831283468e-06,9.861523740765638e-08,1.2915829634419896e-06
62.0,0.9995642577038468,0.00034028064031180714,8.072292875268186e-05,6.917332062716356e-06,2.857703277219814e-06,2.199705335352017e-07,7.837840137486698e-07,6.25394358935545e-08,1.4929573661136186e-10,9.533974332020544e-10,3.0910682575332634e-06,1.4664915566046188e-07,6.585777209313033e-07
62.5,0.9997684676820617,0.00015880288886159196,5.714253794912625e-05,7.607221802381559e-06,3.0081513272768256e-06,6.588844964157769e-07,3.376746041744533e-07,4.698755529431825e-08,1.5168789141150994e-09,8.321474424996954e-10,3.309278820272893e-06,4.746906397969318e-07,1.4165269950277022e-07
63.0,0.99926242961019,0.0006797690518456857,4.0146290992586586e-05,8.376154876107306e-06,2.7074763733369544e-06,1.8663527709224958e-06,4.677708874425019e-08,2.693688546636656e-08,7.655370953331013e-09,2.1833978641264444e-09,3.032977237317702e-06,1.58403915255485e-06,4.493674216337193e-09
63.5,0.9982355564028863,0.0017123686186805227,3.04725191993817e-05,9.265896615536876e-06,2.044834861250793e-06,4.05736405095605e-06,4.671006195411173e-08,1.0886669014148182e-08,1.1787593417976354e-08,2.524273079962952e-09,2.31098255359119e-06,3.7152336363448183e-06,1.3623890875088895e-07
64.0,0.9979262410850646,0.0020213177984288373,2.45300369149091e-05,9.98589636537305e-06,1.430816440828136e-06,7.4923099091016165e-06,1.4618091139939856e-07,5.243687432687332e-09,1.0950916354855097e-08,1.748374345686366e-09,1.6168756161392876e-06,7.049489393718981e-06,1.7156788542042724e-07
64.5,0.9988089348681368,0.0011319065378924942,2.0385968855384506e-05,9.982123281360752e-06,9.771773501755786e-07,1.3578847403262764e-05,1.0928427494597971e-07,7.757083334491378e-09,1.7998543609893737e-08,1.957117459689212e-09,1.1144633542922943e-06,1.2917336436457474e-05,6.568028962451633e-08
65.0,0.9996808729461119,0.0002566356186214931,1.8168287696511958e-05,9.360096698404616e-06,6.624540481998792e-07,1.7097404375141034e-05,5.095950828286748e-08,1.46838558806029e-08,7.055953071110901e-08,3.107904971149939e-09,7.881578841015681e-07,1.6224303761847624e-05,5.141997586384785e-08
65.5,0.9998655756879112,6.0885571733291296e-05,1.933128128415113e-05,9.160238879755265e-06,4.895587059486936e-07,2.2282539055750295e-05,5.775839229464575e-08,2.4275302879043316e-08,1.9745781165349462e-07,3.4370625048082157e-09,6.405039445989155e-07,2.1289846281031762e-05,6.184356998866103e-08
66.0,0.9998735670774489,4.014929373507271e-05,2.1811680439828677e-05,9.374336136534047e-06,3.9833618449374184e-07,2.7255960628839888e-05,4.3748958398465444e-08,3.513241193557358e-08,3.9062377033152573e-07,4.069450661104237e-09,6.065532384189481e-07,2.6323735100265935e-05,3.9452490120989464e-08
66.5,0.999898174907399,8.007059273043016e-06,2.7080187016125688e-05,1.0004754856524843e-05,3.6562546397204684e-07,2.798371660776932e-05,4.0768819658776954e-08,4.642078450859202e-08,5.474177350164563e-07,4.975124171017106e-09,6.489153590910903e-07,2.7050955678377015e-05,4.429604286062359e-08
67.0,0.9999077693167204,2.6525710413926706e-06,3.464006442278711e-05,1.1073040512553668e-05,3.7259763951382787e-07,2.169119875185404e-05,5.503856572348651e-08,5.6826160749371054e-08,5.275634471825015e-07,6.064053856124451e-09,7.138098604476241e-07,2.038307932399223e-05,5.882962463191425e-08
67.5,0.9999176489664289,1.40454567873813e-06,4.660353289810778e-05,1.230098655031069e-05,4.026232018958612e-07,1.0973586059520547e-05,6.954052771546311e-08,6.422329593542841e-08,3.2780778290001626e-07,6.988396475641028e-09,7.525671403427993e-07,9.372764172866988e-06,7.186782430489638e-08
68.0,0.9999120618419778,2.175680723923001e-06,6.565967447153113e-05,1.3732182866742135e-05,3.403457515907605e-07,2.9608138058842034e-06,2.677239933997066e-07,5.091941171299516e-08,1.3942216042298386e-07,3.7869853278574343e-08,5.494455472746257e-07,1.90831119283634e-06,1.157682627884294e-07
68.5,0.9998789370572365,9.694942037210438e-05,7.151489760198049e-06,1.5507883398676783e-05,1.7183451892948327e-07,1.1362757278988783e-07,2.2903270965470465e-07,2.9038422285599205e-08,8.824085573340493e-08,5.462036325618559e-08,2.9008336073490535e-07,1.9434040586048377e-07,2.8333116105170767e-07
69.0,0.999816787551228,0.00016060233265556526,1.945641660952226e-06,1.748557557340727e-05,5.604113506017176e-08,8.163674512213751e-07,2.6217834393259604e-07,1.0926148395818588e-08,1.3802189460535018e-07,4.710615717897885e-08,1.0821887174916891e-07,1.5395116222939357e-06,2.005270910335344e-07
69.5,0.9997552982891759,0.0002200147927650168,2.20405774673552e-06,1.7533895625234708e-05,7.585828890627715e-08,1.8397907243612153e-06,3.252108555136146e-07,9.17050041582252e-09,1.7123077984895193e-07,8.355897058826946e-08,8.06257835938977e-08,2.014713302196824e-06,3.488054973910481e-07
70.0,0.9997569323979388,0.00022520075185246567,1.8186120938576022e-06,1.2549551331594644e-05,1.7513946775001278e-07,1.352627837976526e-06,3.1641036583701637e-07,1.891080728682979e-08,1.4420803187768434e-07,9.450431168791299e-08,1.7516932262720175e-07,8.529298700602739e-07,3.68786697787689e-07
70.5,0.999808874031508,0.00018329182152231616,6.603956856692265e-07,5.220171697641453e-06,2.573852992384031e-07,3.3218465374953166e-07,3.7132167137872753e-07,2.8453893762415577e-08,1.25098408835719e-07,1.0110937887447932e-07,2.9725826144337087e-07,1.263064723930869e-07,3.14461384663584e-07
71.0,0.9775945461108991,0.0009940687593427918,0.021298014531140313,0.00011207963970664864,4.692426411258149e-08,1.73456690922902e-07,2.3410923458093945e-07,9.201441364105205e-09,1.4815465693296713e-07,7.145695763169279e-08,5.6219012849510035e-08,3.231344600197858e-07,2.2830221913514302e-07
71.5,0.9949951505932169,0.00014784669928259554,0.00421023819774221,0.0006451332313858916,3.002972599210325e-07,2.7228555163519696e-07,1.4690461521958242e-07,2.5913436385702437e-08,7.919541805344011e-08,7.742963994898013e-08,3.4724523166030274e-07,2.3712259770852982e-07,1.448846735191161e-07
72.0,0.9990888144423047,8.259641341083017e-05,0.0008212454290854843,5.350248964258914e-06,4.0019940460901267e-07,2.2195942572109997e-07,1.8805289282126854e-07,4.1520037268190635e-08,2.1947492132175516e-07,5.2232934379265435e-08,4.995323952310932e-07,1.9100806868993363e-07,1.7948632172899588e-07
72.5,0.9996794299652461,5.3970971216439025e-05,0.00018706866722647595,7.727261235717323e-05,4.976124943266199e-07,2.446640919857232e-07,1.2674739807914944e-07,5.4284349169489467e-08,2.2847378483596437e-07,5.335628307878502e-08,6.614466469799586e-07,2.6196456210323127e-07,1.292341427469381e-07
73.0,0.999873079988338,1.6256072321738423e-05,7.669549263998714e-05,3.13572072351545e-05,6.102643999804427e-07,2.78833768679485e-07,1.1456447639629838e-07,7.183308566024729e-08,3.063998074770016e-07,4.152716467075382e-08,8.309957956916576e-07,2.425538414618771e-07,1.1426708616870871e-07
73.5,0.992315054994125,0.007611418134873236,6.513327725585097e-05,5.006960769919711e-06,8.046884702934775e-07,2.625804444479428e-07,1.182637041967098e-07,1.1034563339456799e-07,3.6249466998595795e-07,1.6052315264342646e-07,1.067061164202129e-06,4.741460716094774e-07,2.6529658606934345e-08
74.0,0.9963001404516474,0.003434682190865979,0.0002597624956556433,2.1059765751666926e-07,1.2381158247513626e-06,5.18304893862625e-07,6.318969611789359e-08,2.1198255048261204e-07,9.188156965885018e-07,9.125469603718465e-08,1.4325051870886173e-06,6.693620156467343e-07,6.073369361609267e-08
74.5,0.9974005575972418,0.0019735030264781974,0.0006183765279355449,1.9326805939407552e-07,1.615375802054943e-06,1.039192501395265e-06,4.267344998103778e-08,3.4790327711069123e-07,1.5891742479053616e-06,1.402149987274164e-07,1.668722202407903e-06,8.762531231645245e-07,5.007069096957121e-08
75.0,0.9983107675582652,0.0009388681135881815,0.0007325033437322436,8.62427877565474e-06,1.8091015901562592e-06,1.431614174062159e-06,1.6491298487530467e-07,4.972445982373583e-07,2.0680149803378853e-06,3.4877257814604537e-07,1.7094559553681194e-06,1.0771014315791245e-06,1.3048740051675192e-07
75.5,0.9989856556687101,0.0003994417122940908,0.0005706420910204634,3.35512443861118e-05,1.787897326920064e-06,1.7050030495284661e-06,3.479605981278481e-07,6.453320688141597e-07,2.403569517904604e-06,6.78701912948442e-07,1.5739882104695945e-06,1.2729013678680166e-06,2.939297309357221e-07
76.0,0.9985191298931029,0.0008184108068278409,0.0005825371552344315,6.773388115860485e-05,1.5319143217918143e-06,2.04277434420845e-06,5.59338170454323e-07,7.511499536537575e-07,2.8819481546915353e-06,1.1032262606604412e-06,1.2802567520708175e-06,1.5585731438934384e-06,4.790824652908815e-07
76.5,0.9969957497848416,0.0016673858968242888,0.0012258697554565962,9.676359828410444e-05,1.0789542196020422e-06,2.6093675780134164e-06,8.031990303601565e-07,7.475348471144288e-07,3.794455377965092e-06,1.6091790681959103e-06,8.724520579322886e-07,2.0371006915575417e-06,6.787218559817366e-07
77.0,0.9948599375375617,0.00314653692004229,0.0018791720598002075,9.689379459791964e-05,5.77490557338668e-07,3.6579435465964763e-06,9.37882769904428e-07,6.016901107414658e-07,5.605568052358442e-06,1.9326887075932246e-06,4.5775717569830255e-07,2.8882544630162567e-06,8.004127733420369e-07
77.5,0.9916479950365255,0.006388447532961811,0.0018947154916342554,4.629781227567386e-05,2.0086806951973434e-07,5.943050983982788e-06,3.041704151866549e-07,3.653041929343184e-07,9.754819085671845e-06,7.9119215956179e-07,1.5286072345083075e-07,4.68283750092734e-06,3.4902360929968603e-07
78.0,0.9854742202525806,0.013269105275658047,0.001225336350584392,1.244528091403658e-06,2.9226977665150817e-08,8.35438808731022e-06,1.3657427031259385e-07,1.416623222380673e-07,1.4413649902027352e-05,1.7817252198029484e-07,1.1568326273189026e-08,6.58363722837745e-06,2.4471351059407164e-07
78.5,0.9746041126465872,0.02487635732094021,0.0004027439810645012,7.617711314079427e-05,5.4278701805161203e-08,1.1075412084637145e-05,4.015428281456989e-07,3.1731798220073736e-08,1.93020280492681e-05,5.466686613582672e-07,3.2238124777949675e-08,8.721353750760105e-06,4.436841896576589e-07
79.0,0.960593559127452,0.039135151496984794,1.7895318059742552e-05,0.0001989133843976496,2.6930137254631625e-07,1.4993256329911778e-05,3.388003378189017e-07,1.501353572914795e-07,2.594024822888433e-05,4.6006200872080295e-07,2.234665953779198e-07,1.1734881697603494e-05,3.7052126695599595e-07
79.5,0.9485128846123522,0.05115613803487333,4.5999294366392886e-05,0.00021325547029883352,7.250674793898168e-07,1.9894423698123932e-05,1.556681152650955e-07,6.779466064854916e-07,3.380636416695763e-05,2.0194398862713013e-07,6.448085269048292e-07,1.541928470630808e-05,1.9708081549369586e-07
80.0,0.9430982353885529,0.056588032583588334,7.370253026146083e-05,0.00014873152487351396,1.4947622085195723e-06,2.5296558471238665e-05,2.991991100150394e-08,1.812797577909977e-06,4.180690463726923e-05,4.054660771293741e-08,1.368620443873249e-06,1.937782530096429e-05,7.003749524359784e-08
80.5,0.7396438310491447,0.26010586173448,5.250931126484841e-05,0.00010807999012172767,2.9851574246303127e-06,2.3936476158192627e-05,2.0929519862476077e-08,4.036766264007741e-06,3.826830933076863e-05,8.094715603656156e-08,2.7062320472679232e-06,1.762709599973541e-05,5.600105486947333e-08
81.0,0.5724451374133445,0.4273753025099032,6.560928422844115e-05,2.4658784916582895e-05,4.607489881388093e-06,2.2719001542896206e-05,5.368235827899348e-08,6.545463322731885e-06,3.482923687987707e-05,1.7770593541523518e-07,4.307373091145884e-06,1.5991173328339525e-05,6.088116442557314e-08
81.5,0.4511179397050524,0.5486940301607905,1.8444318112742963e-05,8.704789636976996e-05,5.3192122879372666e-06,2.049788324641962e-05,4.287332397385678e-08,7.709303464237034e-06,2.9949364263607095e-05,1.5068431028269212e-07,5.182475973258995e-06,1.3650288739790393e-05,3.583426824032145e-08
82.0,0.6356008571271357,0.36426886207400316,1.316562284814924e-06,3.603653212302157e-05,4.324131841886307e-06,2.547508927732604e-05,6.532981555686709e-09,6.527048046973046e-06,3.455484956837777e-05,3.3858634179700966e-08,4.435321542770293e-06,1.7562478210277823e-05,8.394209335923883e-09
82.5,0.783513874077621,0.21636535910772872,1.3827875380687513e-05,1.581444617048236e-05,2.856737848212919e-06,2.7448290502004907e-05,8.560080842881014e-09,4.566113070969275e-06,3.4098451865607836e-05,5.79681720186079e-09,3.1320513998695336e-06,1.8997656968173054e-05,1.0834589470077958e-08
83.0,0.8798799889787522,0.12001917453501527,1.2897300976021211e-05,5.088935635089069e-06,1.5918684232222962e-06,2.7279280086420888e-05,1.303031681814108e-08,2.8039199001582395e-06,3.0514738108296796e-05,1.030806751451754e-08,1.8853980893738405e-06,1.8743419592861836e-05,8.286944506493421e-09
83.5,0.9285973128702452,0.07131728539867016,1.2596396808102536e-05,1.1019613689507858e-06,1.10707335419846e-06,2.530410499109944e-05,3.427945561078056e-09,2.0226805766786567e-06,2.4928436579718797e-05,8.824294568227793e-10,1.361918442300502e-06,1.697396357980305e-05,8.849810830838548e-10
84.0,0.9475926633685523,0.05233471916474003,1.4702043251362679e-05,4.6662022317529854e-07,1.2591159816194403e-06,2.122838431288634e-05,2.625628209920405e-09,2.0475022798742072e-06,1.7831553506613095e-05,1.7552228456327624e-09,1.6211398217689934e-06,1.3455400747187787e-05,1.3257758733433759e-09
84.5,0.9563953958970094,0.0435435476891908,2.2018924481869318e-05,2.3241939253179148e-07,1.2833443562866506e-06,1.490419273780751e-05,2.3377701784845984e-09,1.968245214050399e-06,1.01356781499479e-05,6.004229169517786e-10,1.953355752917387e-06,8.55648470373801e-06,8.309279742679375e-10
85.0,0.5673679914931506,0.4325800550102073,3.02038109471288e-05,2.8061018187939224e-07,1.3541395433448492e-06,7.832585711179773e-06,1.216614380041643e-09,1.5377073324845895e-06,5.0663624511609555e-06,4.361598733897586e-10,2.262569476390586e-06,3.4137240324957857e-06,3.3406969939353824e-10
85.5,0.32945927266182545,0.6705289475855328,2.2657046809024084e-06,1.0553651320433173e-06,4.2983158166481233e-07,3.0174440280249897e-06,3.833739125297867e-10,3.56082741915607e-07,2.7822975195919143e-06,1.0079999058854713e-10,1.074459272445225e-06,7.978558879776703e-07,2.27633472884909e-10
86.0,0.19346234106553517,0.8065245687800726,6.842121594929002e-06,3.649010140087369e-07,2.9443993392385153e-07,1.800829985918289e-06,2.869810367165956e-10,2.468823449268121e-08,2.7515232536456676e-06,3.287220789155939e-10,1.2506595363319366e-07,8.8567669230561e-07,2.92145920112503e-10
86.5,0.10256724309626963,0.8974224903836286,2.0230681318998872e-07,3.28672830272549e-07,6.753182402733856e-07,2.8709506674212773e-06,5.907919050767369e-10,2.6456535671986745e-07,3.2753337613358843e-06,1.2198423057388423e-09,5.925509145545931e-07,2.0542016973411077e-06,8.090794954433108e-10
87.0,0.046012770353696233,0.9539757215022099,4.734318028787507e-07,2.6534913467388127e-07,5.740442626984739e-07,3.636092929322801e-06,1.1203627927610136e-09,1.49906878440799e-07,3.2165219811402556e-06,1.3824067618235604e-09,7.514800723271732e-07,2.4381214537774215e-06,6.928388974889006e-10
87.5,0.020701307760652786,0.9792881980644883,1.6689665917606911e-06,2.300191477241943e-07,4.694306737060653e-07,3.1060921497415676e-06,1.3764329139765636e-09,2.327698949633748e-08,2.7068378370930364e-06,1.1138833637168587e-09,4.533208011249946e-07,1.8327628504439316e-06,9.774658529546354e-10
88.0,0.011241511093138059,0.9887503448427001,1.2398977427313543e-06,1.4603049689860295e-07,5.733742859949652e-07,2.1591804690938595e-06,1.8404598808827983e-09,4.751507928162552e-08,2.2565505136333817e-06,1.177263328573172e-09,5.15778859219797e-07,1.200831367431831e-06,1.8874369131848976e-09
88.5,0.006062997875260463,0.9939304164028515,5.769021818663597e-07,7.104025612498005e-08,5.931812243020712e-07,1.6366688049137415e-06,2.4031229032321234e-09,3.891981978632119e-08,2.000503176167284e-06,1.3314644979267639e-09,6.420419406875962e-07,1.0201500803662225e-06,2.579684912856588e-09
89.0,0.0028625848224612307,0.9971312734865558,5.047948703150622e-07,1.444967642390165e-08,6.025485120338397e-07,1.5071387778076244e-06,3.0007036241762664e-09,1.2309467046229607e-08,1.8196374390205836e-06,1.3251177080424812e-09,6.338600022371744e-07,1.0396278626697475e-06,2.9985343391325108e-09
89.5,0.001449581593895725,0.998544311917534,6.323948933348635e-07,1.2790146607113278e-10,7.070757548497616e-07,1.4379162193652312e-06,3.675234620611389e-09,6.491678856049913e-09,1.6305549024342253e-06,1.2685909189613211e-09,7.044719013853909e-07,9.787684346983769e-07,3.7429857108455004e-09
90.0,0.000835316226165708,0.9991586842092652,7.20152460010824e-07,3.1536637206317187e-09,8.510173782197624e-07,1.2861510365506685e-06,4.643531299918218e-09,4.185515007006864e-09,1.430325249527415e-06,1.284108464197308e-09,8.784725600650134e-07,8.151032577735825e-07,5.075759939133537e-09
90.5,0.0003873043202482033,0.9996065946769248,8.61364734720984e-07,1.4257225924111717e-07,1.0328917866742835e-06,1.0870383776013056e-06,6.0556322441551095e-09,1.1415069568129037e-09,1.2361615155325438e-06,1.3580321653561852e-09,1.0888234254764006e-06,6.366239649797015e-07,6.9716685630589226e-09
91.0,0.0001740155441502457,0.9998183770706448,1.3296777610468952e-06,1.0894250489988697e-06,1.3238008431005347e-06,9.062424266951042e-07,8.001842208651994e-09,2.7475717699524504e-09,1.0564860445095305e-06,1.4231590742973491e-09,1.3767158842886124e-06,5.034307574848173e-07,9.433826224082748e-09
91.5,0.0005193562906849967,0.9994680303134938,2.47082944983525e-06,4.365741259176405e-06,1.8014228755712643e-06,7.727123442880233e-07,1.0748055295515717e-08,1.149012193521024e-08,8.924980035973886e-07,1.4347344951007847e-09,1.8416016020716736e-06,4.3226620835910216e-07,1.2651084436511712e-08
92.0,0.0022190338490627338,0.9977570384302139,4.554101690995849e-06,1.2297390513172327e-05,2.569525363383815e-06,6.767773860169215e-07,1.4879961491258957e-08,3.2757034999701594e-08,7.42944861369725e-07,1.4050856934121823e-09,2.5944383359888893e-06,4.265463460477833e-07,1.695422929912767e-08
92.5,0.009164756043977786,0.9907910982744568,7.559244355570347e-06,2.7194924443810653e-05,3.801617605828284e-06,5.78830792317544e-07,2.1144645502936577e-08,7.779660712896864e-08,6.086366541649285e-07,1.4156525562824394e-09,3.7760478875105543e-06,5.034522560272416e-07,2.257076093758367e-08
93.0,0.029686037017563865,0.9702700476083151,9.60830595627673e-06,2.0841050883038762e-05,5.827122262000919e-06,4.781773763287617e-07,2.8912525304564626e-08,1.564388731028264e-07,5.226364350558245e-07,1.75911858011331e-09,5.6058721823125425e-06,8.181059635349417e-07,2.6992698794176085e-08
93.5,0.14737065577418387,0.8525758629360574,3.500230064945476e-06,2.98655553901418e-05,7.629975609037014e-06,1.758605676478958e-06,3.6042977415835966e-08,1.8542992497332329e-07,6.260570578536642e-07,2.6585415595777257e-09,6.782709788359052e-06,3.0666081865779723e-06,2.7416501817144946e-08
94.0,0.47735814751379,0.5225250082175505,5.2178126398331025e-05,3.4625793193260966e-05,5.054023704454937e-06,8.886799009498138e-06,3.5949263220871426e-08,5.828230063190128e-08,1.1290092682867203e-06,4.593217428438168e-09,4.235602768908668e-06,1.0613353637489306e-05,2.2735979990669515e-08
94.5,0.6792692165605125,0.3205731392436735,0.00011042907801092827,3.945025741305291e-06,3.516177043007376e-06,1.6408180369487832e-05,2.501080507317167e-08,4.649703284516177e-09,1.9168203293759466e-06,8.464600906501316e-09,3.2802962568575753e-06,1.8093266798966527e-05,1.7226208202741636e-08
95.0,0.7301991021219796,0.26966419135173414,5.1351921014313884e-05,2.6325231924711396e-05,2.931508946378245e-06,2.3949361755006614e-05,8.967919866494438e-09,5.874123519980237e-08,3.071046426502267e-06,1.563476779956922e-08,3.2031028259837223e-06,2.5766913337059466e-05,2.409611185430591e-08
95.5,0.7251869994798674,0.27471229881902176,3.643919281474407e-06,2.1030365453643666e-05,2.6109945941691996e-06,3.1529333080297124e-05,2.631034728166372e-09,2.722349704238235e-07,4.608076344708374e-06,2.7218401063942793e-08,3.2851460454721287e-06,3.363124464260483e-05,6.053730015473821e-08
96.0,0.69718797766376,0.30270300767321806,9.923070560345845e-06,6.281159972401044e-06,2.485955389460853e-06,3.854861081953074e-05,1.7824311309924317e-08,6.516507146679656e-07,6.470709694163916e-06,4.248740137397932e-08,3.3987001691086593e-06,4.1062561839467814e-05,1.3193214979437487e-07
96.5,0.6578116622427056,0.34200320293158576,3.9939711527915476e-05,3.742434826211549e-05,2.7034372842449598e-06,4.418933999024453e-05,4.987671533900016e-08,1.168872619889093e-06,8.498265094191294e-06,5.7478536081604463e-08,3.6951103098002865e-06,4.7191356794852583e-05,2.1702858141452794e-07
97.0,0.6004662537954162,0.3992255237727934,2.5150597404836647e-05,0.00016414750963104633,3.702282443252524e-06,4.720713706670297e-05,8.198345985856449e-08,1.9063319714538228e-06,1.0298457439720145e-05,6.523826967701349e-08,4.7851333074544755e-06,5.060184320567829e-05,2.7591756824686226e-07
97.5,0.39528330009809026,0.6043410092734464,8.08897851440939e-05,0.00017133688532321604,9.75632150103795e-06,4.2176810661435804e-05,1.0555552710041238e-07,4.231477896565505e-06,1.0041923528151618e-05,5.986985871389823e-08,1.1907442588256009e-05,4.490095353390165e-05,2.8360276795574947e-07
98.0,0.28180870855407447,0.7178739486569219,9.561219890258537e-05,0.0001050976959781467,3.723343373939837e-05,1.0799924418061622e-05,1.2533218977276592e-07,1.2238358289142458e-05,2.854505009579395e-06,4.413965902645368e-08,4.2814987443522626e-05,1.026970391030489e-05,2.525093561363601e-07
98.5,0.2818917962575031,0.7179170755627875,3.519511761279162e-05,5.981969094209353e-05,3.1883588423921e-05,6.617440395293342e-06,1.3540944605799777e-07,1.1454803386078821e-05,2.4549998767616323e-06,2.866731874735812e-08,3.7344128514636826e-05,5.991280615705852e-06,2.0305318029777023e-07
99.0,0.2563210070577046,0.743554232509781,1.5694948670322717e-05,4.1610281953964404e-05,1.8797432108514975e-05,7.362475341582806e-06,1.1098951075412841e-07,7.892004733685127e-06,3.0696235005881428e-06,1.850882277871478e-08,2.3316481263593178e-05,6.757345276514007e-06,1.303414031411465e-07
99.5,0.21442604169376572,0.7854879457230436,2.1428096926993953e-05,2.3052369977841487e-05,6.895190283192488e-06,8.964028826980536e-06,5.300525083342e-08,3.570065734856352e-06,3.982778160419761e-06,9.495992496792718e-09,9.665872605319402e-06,8.34476069222939e-06,4.6918608184620954e-08
100.0,0.16649344028483418,0.8334656765959367,1.6276559871677735e-06,9.712353398739918e-06,9.887448681224525e-07,1.0869462308136564e-05,8.381965560040103e-09,5.786585040084104e-07,5.1125529581783265e-06,3.3787473220632174e-09,1.7986730877221952e-06,1.0179069212426736e-05,4.188287970644325e-09
