time_fs,D1,D2,D3,D4,D5,D6,D7,D8,D9,D10,D11,D12,D13
0.0,6.242105579000945e-16,3.9424687922483835e-11,9.698711245834186e-10,2.21901779641792e-09,1.0135497020551069e-09,2.40018402668549e-09,4.964300252312519e-09,3.4438434539109435e-16,0.9999987081900172,1.1017601244664863e-09,4.664781898400918e-09,1.2744370945387948e-06,1.3516170011443416e-15
0.5,4.383480378580882e-08,1.426662268180201e-10,3.808520307997062e-11,1.4602732026929956e-09,8.361945191009236e-10,1.5066318098746528e-09,3.487501621681258e-09,0.00021955351940919135,0.999698940261732,5.3132674838689e-10,2.777473091527383e-09,9.652126066882084e-07,8.048639132876353e-05
1.0,7.467249269879754e-08,3.7529214059512915e-11,2.0232707952327883e-12,7.86456280063268e-10,4.830529829080542e-10,1.3572045925777452e-09,2.504941091995012e-09,0.00022553235459388807,0.9995832431700648,6.658009177002767e-09,2.2790909845641895e-09,7.904647283453005e-07,0.00019034522987812562
1.5,8.02276631829499e-08,6.018154093925797e-11,7.358261805364037e-14,3.0026047487313666e-10,8.04611504642601e-11,1.059183967129757e-09,1.697063942768523e-09,0.0001247637435358192,0.999713978929353,1.0141844913162124e-08,1.3142675163229782e-08,6.99601889524193e-07,0.0001604510158806522
2.0,7.624448727899505e-08,2.887020193139255e-11,1.030777799907589e-13,1.3271071858580022e-10,5.037492706614022e-10,5.77864094336553e-10,1.4437490909870622e-09,0.0001455653782521143,0.9998000916259897,1.4194899419842865e-09,3.636061017300597e-08,6.501192135458947e-07,5.357616492609994e-05
2.5,2.0743102851272137e-08,6.0912947857867885e-12,1.0434356957213771e-14,5.686937045502006e-11,4.4585553197966405e-10,4.2822255141972853e-10,8.893216054433946e-10,0.00013250321075356444,0.9997897374909777,1.0855408617120288e-09,3.599806076326402e-08,6.022970434104819e-07,7.709734818947067e-05
3.0,2.250303284242903e-09,4.7506961029647835e-12,1.3922556540013831e-14,4.88640564573257e-12,5.459440520130404e-10,1.4177147700633813e-10,2.7171135838463486e-11,0.000702675975295657,0.9990863515346456,2.1957955215813304e-08,5.982787931240052e-09,5.270900648914578e-07,0.00021041448449359346
3.5,3.0859856443793787e-09,7.569430245305109e-13,9.674132742282339e-15,6.6359460909673525e-12,3.145310825669415e-09,3.8265188709310153e-10,1.0747078796994923e-09,0.0055019157723286685,0.9941802539327594,2.182912540112245e-08,5.6577784247493264e-09,4.2503740079298085e-07,0.00031737007457934404
4.0,9.273700459700849e-10,4.442443500057896e-13,7.67898274681955e-15,2.2378148839333593e-12,1.6938139251644956e-08,3.0205216263443194e-09,6.609320871786144e-09,0.03656950011560285,0.9629907877413301,2.1807399351946126e-08,1.550406285261778e-08,3.150503761065663e-07,0.00043933228318650047
4.5,1.8196463654411082e-10,2.6642831700060574e-13,1.906897119012163e-14,1.2803036114439874e-12,1.5460538573782588e-07,2.202439840664165e-08,3.2017946735978847e-08,0.3317404314886316,0.6674456222210574,1.9481421238886855e-08,3.014276634989039e-08,1.7582168348455297e-07,0.000813512013274511
5.0,1.1056647117829092e-09,3.464312041895309e-13,6.042679032263272e-14,3.861232880621274e-12,3.570675024351142e-06,1.2109580406128187e-07,1.2165056008882816e-07,0.6864542222067664,0.31149040730755573,1.4075286877755261e-08,4.113535182497264e-08,7.90568421124015e-08,0.002051421686879561
5.5,2.300675250821914e-08,9.632150687253332e-14,2.396518059505624e-13,2.9914732096424644e-12,0.8154216929714448,1.2086717301946112e-07,2.9775112093186945e-07,0.0008739542905275044,0.17971089709344126,2.49247813373339e-09,5.071557321797396e-09,8.316484666680124e-08,0.003992923287355962
6.0,1.9810220858540172e-07,1.1810760085006731e-13,6.435394758373978e-13,4.345177166195674e-12,0.8561777602024248,2.775644131930665e-08,3.882541734167241e-07,7.792045446983099e-05,0.13873472503991757,9.075502958590351e-09,2.106283994913304e-08,2.6762901437604403e-08,0.00500892328396596
6.5,9.266536367225856e-07,1.298653768037544e-12,1.903135944902035e-14,5.231922518538715e-12,0.866862289665554,6.482078201942012e-09,4.2907452995372536e-07,0.00024429205503512897,0.12929689691403595,2.148833550631282e-08,7.478742870689753e-09,2.100330868165294e-08,0.003595109178166536
7.0,3.006760144769808e-06,2.0505095519618592e-12,9.294474636734856e-15,1.1427856344673587e-11,0.0003259656598043261,4.171758582542289e-09,4.4838267186152944e-07,0.8533067848123009,0.14493316035597542,2.635975542777479e-08,1.2170856580038807e-09,2.442835514367023e-08,0.0014305778386099217
7.5,8.59121758593654e-06,1.932711355347764e-12,1.222972354163897e-13,1.2262627762500715e-11,1.6763558096529665e-05,1.5195617513257238e-08,4.1397169880267734e-07,0.6463151648173951,0.35327853864937014,7.027824174216994e-09,1.3162827644494184e-08,1.6499496688307013e-08,0.0003804758857178576
8.0,1.027227755189096e-05,1.7364882469644229e-12,1.2427728215215928e-13,1.050784228764202e-11,6.387531580437899e-06,3.6147860584246946e-08,5.601928800241114e-07,0.43254281650936954,0.567393112388994,2.4844644224647894e-10,1.5109932552287216e-08,5.530624901995707e-09,4.679405036460594e-05
8.5,1.1258227584987056e-05,3.838391290649914e-12,2.724690326253554e-13,2.049985988445623e-11,3.818705703904437e-06,4.9181996970717905e-08,8.892364774617717e-07,0.2537533312017997,0.7458870489640851,5.233588694570505e-09,3.98904298432252e-09,2.6233581552801306e-09,0.00034359261173187917
9.0,1.0434341096340575e-05,5.0025052390813184e-12,3.140698892485028e-13,2.1525585123571423e-11,2.6369945521195117e-06,4.443050544281289e-08,1.1339535206032406e-06,0.19770381257967987,0.8019787643529134,2.9869829638861556e-09,3.4620045024140645e-10,1.8802341673747e-09,0.00030316810752430455
9.5,7.213581548353754e-06,5.0194289559176395e-12,4.872703014167366e-13,1.82669084402881e-11,2.1712403888157025e-06,3.419568295241958e-08,1.3524917402370566e-06,0.4335739500391742,0.5663692330926107,2.5492749811813415e-12,1.3542780461023793e-09,5.621597683301892e-10,4.604341592937613e-05
10.0,6.126218034801442e-06,6.941823203193686e-12,2.787583512571421e-12,3.703583900747295e-11,1.7076831029348816e-06,1.7995083711379486e-08,1.3704409444075672e-06,0.6769406193884846,0.32290117513253047,6.233339770417412e-10,2.781624988144872e-10,2.707110058611147e-10,0.0001489819227177961
10.5,5.7581566071292005e-06,3.923881550200412e-12,2.8363012795299563e-12,3.281043898453093e-11,1.3231753806075034e-06,7.2321763535266455e-09,1.2172420133321417e-06,0.8360120304281363,0.16395170661745587,5.555001388743754e-12,2.4065362861835395e-11,1.4725436818915284e-11,2.795706429139618e-05
11.0,3.2133606990864256e-06,4.442394769053486e-12,4.059002016575138e-12,6.078668310064641e-11,1.0669250244544205e-06,2.256778616615002e-09,1.0490138285728562e-06,0.9130256418738343,0.0869598439625138,7.006604561985181e-11,1.6443157078205455e-11,5.713853534210952e-12,9.182445706618058e-06
11.5,1.2770328396647072e-07,3.909425071832313e-12,5.254940178290187e-13,1.2728155013208803e-10,9.153919170228046e-07,5.190377618263031e-10,9.198752266708342e-07,0.9506947245318947,0.0493023514147164,2.0225186942392378e-11,5.760955855230925e-12,2.4547591870123692e-12,9.604038131498722e-07
12.0,5.03371072548742e-06,3.651278348038214e-11,2.4087606136417735e-13,1.1551623629322973e-09,9.022880018811324e-07,2.911581759082752e-11,4.640263199974288e-07,0.9784943545577116,0.021497698979543234,5.34407420720109e-10,4.323714258802335e-11,1.9332439568245437e-10,1.544445774949378e-06
12.5,1.553129221622412e-05,1.3242991167339682e-11,1.9045303437889184e-11,2.826442106200951e-08,9.845600503524352e-07,7.368437461765055e-12,3.591299819799921e-07,0.9942982001324671,0.005684353319914133,1.0019609544969541e-10,3.500869227468273e-12,6.857041417491687e-11,5.430889269587161e-07
13.0,4.600004218497318e-11,1.1365765529669175e-11,1.4883900256078002e-10,0.001189985214158248,8.146813540297588e-07,1.3254427989211241e-10,3.394089154445447e-07,0.9897437769889903,0.009065010976810476,1.7349108108954594e-11,1.391303695489983e-13,6.87560112308032e-11,7.230485070937654e-08
13.5,5.2431617513308044e-11,9.47651254583468e-12,2.6844851472168005e-09,0.00048085201208224746,5.631420275700083e-07,1.4148966571330046e-10,2.510842600591026e-07,0.9948583251745776,0.004657686741131764,3.3581620476009465e-10,3.053136846785002e-13,1.9663342538423774e-11,2.3186022174250395e-06
14.0,4.772409442361145e-11,1.6755463683114088e-11,3.1252169646092297e-09,7.891723528634534e-05,3.891047698416239e-07,1.5676626122804152e-10,1.8896590540844535e-07,0.9985415605690638,0.0013775216221380262,1.2083444755975057e-11,2.5295497154009974e-14,1.2466218065548417e-12,1.419142954410198e-06
14.5,5.771973243358741e-11,2.15143408833879e-11,2.780049608033137e-09,0.0010398176153444073,2.7907559294322696e-07,1.5536852365934976e-10,2.3937532446385795e-07,0.9984831026567546,0.00047469963454671555,3.422109820694652e-10,7.91848915102901e-14,3.6181485991353904e-13,1.8582851548497026e-06
15.0,5.005871955592117e-11,1.7594535505527533e-11,6.959818831089135e-09,0.0035864872005891752,2.0936164439750065e-07,1.2694797736482747e-10,6.802916436593229e-07,0.9961891040631783,0.00022111742380791146,7.262255175080539e-10,4.0291095056530375e-14,2.041522018254519e-11,2.3937580393858233e-06
15.5,7.0408601838924e-11,7.529556419009928e-12,1.3418019399537503e-08,0.010309538538634344,1.6411800468666915e-07,7.920196897954943e-11,4.287108472356393e-06,0.9896327904874981,5.1644368366490376e-05,8.26267860621695e-10,2.728230458978131e-14,9.884912111887029e-11,1.5608787427547372e-06
16.0,1.281302393763526e-10,1.7966796765978314e-14,2.0766860211049365e-08,1.248152172137279e-05,1.3277272667798786e-07,3.592600316980651e-11,0.034717102628124774,0.9652490539338368,2.4568966470589753e-09,1.4610787542407457e-11,7.801597328253564e-14,1.8941423445178526e-05,2.2643176781396305e-06
16.5,1.9718217731432964e-10,1.7417720785669512e-11,3.009751627298358e-08,2.0024871779479999e-07,1.0761366782808504e-07,4.3441715531922424e-11,0.13162928559818574,0.868366401237675,4.11046824443287e-11,5.001498356434489e-13,3.457618438814142e-13,2.727292730300799e-06,1.247611442430306e-06
17.0,2.6167747031651587e-10,1.1575459744689015e-10,4.332005726574607e-08,8.568308067533366e-08,9.255520818047142e-08,1.8814663676270795e-10,0.4606975601691596,0.5392956975052972,3.925541874229404e-10,4.082274028012288e-12,1.2178552506296174e-12,5.708252010883935e-06,8.115517307144386e-07
17.5,3.4116533483390557e-10,3.699941939486038e-10,6.597843427336859e-08,2.5321916135293143e-07,7.265652734166599e-08,4.869045659570204e-10,0.7013141782586467,0.2986827527995585,2.051499391176391e-10,2.8364789562383753e-13,5.8908898547824005e-12,1.0712730421502665e-06,1.6044053030269813e-06
18.0,3.92050152978999e-10,8.079084104840673e-10,1.0149092247077042e-07,3.701493691679549e-07,5.423306431756392e-08,8.856291828737192e-10,0.7914974722408366,0.20849746468535657,6.707652571978896e-11,6.098326916493665e-13,1.0036980679048706e-11,1.1926382465857187e-06,3.342398829772985e-06
18.5,3.423000360152368e-10,1.6733001401381334e-09,1.6918276009281312e-07,3.3025268026516913e-07,4.105684143557061e-08,1.0811897910443142e-09,0.8281211662237826,0.1718729349589928,4.3154103166858263e-11,2.424078312423237e-13,3.0149989435867515e-11,5.13828395503923e-07,4.841326176294709e-06
19.0,5.682866841737356e-09,4.5893211871588105e-09,3.182889379556379e-07,2.02549170633833e-07,2.566840744075599e-08,1.5272232954419613e-09,0.8569445590604807,0.143050025081047,1.642065764090989e-11,3.3926167998654472e-15,7.165095271744717e-11,2.7648014012384313e-07,4.580984398234621e-06
19.5,2.8539090107318023e-08,9.207408334588853e-10,8.645142735247071e-08,8.150454167859953e-07,2.782331613971271e-09,1.2724444751287887e-09,0.8940469165506408,0.10594875463627915,4.336086680502063e-11,4.514597528355025e-13,1.1342477535353639e-10,4.994201371230472e-07,2.8942242329856545e-06
20.0,2.4217854827696782e-08,4.71055663542228e-10,2.7310300354658274e-08,2.5502587502984216e-06,3.786149567104138e-09,2.009818192162318e-09,0.9351323417867785,0.06486310729039037,4.803732140754387e-11,2.911923171718463e-12,1.2774332035590813e-10,1.1744823831598477e-06,7.682078335822888e-07
20.5,1.91610680928753e-08,3.556507133253819e-10,1.626263343400519e-08,9.380494509495501e-06,6.7198586783519244e-09,3.0246459733535456e-09,0.9668466394805089,0.033140252218036584,5.276658318901175e-11,6.5467910506379825e-12,1.4137786802853754e-10,3.6775468927257236e-06,4.5356018850694095e-09
21.0,1.4204540571167766e-08,2.2663844025662354e-10,1.1809576038135839e-08,4.745169728228509e-05,1.3235371931566109e-08,4.652081821567066e-09,0.9837466241394286,0.01619939101983651,1.7879505390999403e-10,6.209048895559679e-12,2.2051492608045198e-10,6.38618400362259e-06,1.024256884210975e-07
21.5,9.516703908490493e-09,1.395212492736745e-10,9.381656853483702e-09,0.0006465770902422108,2.7425600106652997e-08,8.204040255236486e-09,0.9911595806230065,0.008187294740383006,2.9236359971028317e-10,1.441464447915829e-12,3.356612976506936e-10,6.466714145011622e-06,2.553516357059157e-08
22.0,5.944747202647536e-09,8.741894645709626e-11,6.019748852917957e-09,0.9933669069975102,5.686107590847519e-08,1.6171548374424895e-08,0.0028843156798523026,0.003739440813026117,3.5602888335593687e-10,3.690452664931002e-13,4.2429416651594954e-10,9.184907488759735e-06,6.573691637209546e-08
22.5,3.7181945884773106e-09,2.1519876726203996e-11,1.39507119742231e-08,0.9977419720644325,1.0232229615155367e-07,3.0370599648685395e-08,0.0004076014475361202,0.0018302789530964991,2.2760774420497933e-09,1.8665811842659615e-12,6.893035777018241e-10,1.9662546129177145e-05,3.316382863016081e-07
23.0,2.340854402931343e-09,7.926029842282459e-11,4.0554911630364205e-08,0.9988962749461071,1.6804595937178238e-07,5.5009469109955564e-08,0.00020695907294310015,0.0008775386216263899,5.0825175242863735e-09,9.12023188128342e-13,1.0325645845599021e-09,1.8378892347624045e-05,5.763205490756269e-07
23.5,1.620895314785104e-09,3.072321026326441e-10,6.719024194824314e-08,0.9996782788163294,2.575111882381172e-07,9.753879067335865e-08,0.00014543548491220237,0.00016643454999124994,5.1413696108445875e-09,9.812136167623112e-12,7.573556385636213e-10,8.56192242617042e-06,8.591495250467425e-07
24.0,1.451789797491905e-09,5.104068768286733e-10,7.041415090279556e-08,0.9996906631139861,3.704627770395581e-07,1.6616952908524134e-07,0.0001168356916395577,0.0001504760974532022,3.937464537993172e-07,2.6157867515816304e-11,1.3971503009254447e-08,3.9910547957232664e-05,1.0977961434308899e-06
24.5,1.4375636804229755e-09,4.135979721238713e-10,5.5239267241448063e-08,0.9997544840979894,5.001866105791511e-07,2.6117321692452875e-07,9.867989843792094e-05,9.835195252612059e-06,3.774588800533091e-08,3.272732339448024e-11,6.453706823989441e-07,0.00013434422038690702,1.154988408358725e-06
25.0,1.1555936320978574e-09,2.431339412809437e-10,4.9158641692829354e-08,0.9998983067581945,6.328126398761247e-07,3.64049111951464e-07,8.33870969594306e-05,6.68093367400991e-06,1.3369532377157586e-10,4.118252152388546e-11,8.936382048820883e-10,9.441423346618327e-06,1.1353001499410362e-06
25.5,6.305511817411353e-10,5.376430842911066e-10,5.551511859430682e-08,0.9998431286091182,7.48528158854741e-07,4.382136872760467e-07,6.839580753654477e-05,3.0593758496741034e-06,7.871996581957962e-10,5.094959638455324e-11,9.273176997224713e-09,8.304160273159255e-05,1.1210683191468966e-06
26.0,1.6651714287935071e-10,9.76510953478278e-10,4.9298850797001684e-08,0.9998923167553605,8.230617803917308e-07,4.499416869155051e-07,5.360190208038567e-05,2.509586328071678e-06,3.517042858141894e-10,4.938952531451237e-11,4.9424130230969645e-09,4.912884138383784e-05,1.1141259221802512e-06
26.5,7.372494330720845e-12,6.894235288956475e-10,2.455179560808589e-08,0.9999052080247921,8.323395544790698e-07,3.95342495600963e-07,4.0010868506794245e-05,3.718586213041612e-06,1.2053533059361377e-10,4.546337343824658e-11,1.3738743383969492e-09,4.864741237187796e-05,1.1606375520165546e-06
27.0,1.6531323488686341e-10,7.921149217156416e-11,4.170638386652484e-09,0.9999061837760382,7.672920022320454e-07,3.055423407660263e-07,2.875930820257606e-05,2.3108548433459994e-06,1.8696824008170574e-10,4.3555810184e-11,5.933439656694969e-10,6.043586397056726e-05,1.2321236662704385e-06
27.5,3.75449873734205e-10,1.4301878317537875e-10,2.30033366015445e-10,0.9999248365980546,6.497946374782727e-07,2.228341914518279e-07,2.0409088128587385e-05,1.6949062807152505e-06,1.0944018939741908e-10,3.746337344343085e-11,3.202857846851106e-10,5.08551894237386e-05,1.3303736524348798e-06
28.0,4.968649200332652e-10,4.187905257022617e-10,3.3971349098140217e-09,0.9999201470765674,5.210313122780817e-07,1.7564992842764152e-07,1.4633553235093298e-05,1.0581518325005053e-06,8.792302144716248e-11,3.0273404052473414e-11,5.147362940275787e-10,6.198853848233498e-05,1.4710528587838075e-06
28.5,5.47097367776606e-10,2.5136601103082285e-10,8.868417539168914e-09,0.9999232323868981,3.967514178908549e-07,1.8388249481771782e-07,1.0541496936097899e-05,2.2912679512952432e-07,8.209225039795484e-11,2.787026220676292e-11,1.2014716815778729e-09,6.374123201679048e-05,1.6641451325551902e-06
29.0,4.3855397741148003e-10,2.331741499763232e-10,1.9681963550272127e-08,0.9999168377614842,2.2078125110160545e-07,2.9564515149207295e-07,7.363389621250643e-06,2.8558010405041398e-08,6.50574309780887e-11,2.8436667858778695e-11,3.430952107295437e-09,7.330782129250648e-05,1.922165039195446e-06
29.5,2.3050870770465701e-10,5.662712054091516e-10,3.165153236648446e-08,0.9999075153811618,4.6727357378465964e-08,4.2688100713518553e-07,4.832790845429679e-06,5.460745562487391e-08,7.061619485944933e-11,2.6949345111214687e-11,7.845571427343497e-07,8.407367177459815e-05,2.232837440731634e-06
30.0,1.3532412209942604e-10,5.978571344715156e-10,3.7142113523276635e-08,0.9998942407654143,6.505430238371592e-09,4.192296122714186e-07,3.042915707588142e-06,5.887909211052093e-10,7.53706380420258e-11,2.267869883743744e-11,3.7016172955944782e-06,9.597174043729437e-05,2.5786638754990272e-06
30.5,1.4688681283857747e-10,2.9407006751951644e-10,3.6295052615433214e-08,0.9998745241537277,1.1093634608259567e-09,3.616773919736972e-07,2.10978553202551e-06,3.3303135004562775e-10,7.988877091908297e-11,1.8340815352482717e-11,1.0750315742418617e-05,0.00010927730037604495,2.9384905531544233e-06
31.0,1.2542844366315578e-10,1.6649764054311834e-10,3.547745976902837e-08,0.9998500315153245,9.552218442972836e-10,2.8853857657489893e-07,1.9810183816390176e-06,2.3162392205621367e-10,8.87817303339717e-11,1.533069876767323e-11,2.887172400528057e-05,0.00011548950628923912,3.3006370578446505e-06
31.5,6.500162063365367e-11,2.5812196284086463e-10,4.1489380023542656e-08,0.9998183994207449,1.8164161456890833e-09,2.1547265698260069e-07,2.44631259716265e-06,1.3637889108288185e-10,9.670851708952555e-11,1.3208912424475947e-11,8.279643604975504e-05,9.242916317118028e-05,3.6693194717857782e-06
32.0,3.305652432040149e-11,2.8547682033772883e-10,6.051773769484337e-08,0.999779360666644,3.022118553956659e-09,1.5352764833455508e-07,3.2408605914590055e-06,7.331182183192057e-11,1.0433359285391657e-10,1.1199650345073399e-11,0.00019006001445920687,2.306163581250641e-05,4.05924763153398e-06
32.5,4.921739160952605e-11,2.1769176567402e-10,9.760842712844263e-08,0.9997312976809429,4.3152697964667204e-09,1.0835747703393842e-07,4.138643286955021e-06,6.009481901420457e-11,1.1135762720464628e-10,8.919890325910274e-12,0.00025976915240090215,1.0340602466810421e-07,4.480388857539479e-06
33.0,1.1927246685116565e-10,2.0850963969869317e-10,1.5316177931436548e-07,0.9996725182569782,5.503568091014358e-09,8.053802074329518e-08,4.991723435924069e-06,7.769201997747348e-11,1.1581870559568527e-10,6.321864697104916e-12,0.00031120090906997005,6.141256209906648e-06,4.908123374833065e-06
33.5,2.593514315652798e-10,2.8355410363969477e-10,2.1874154726687632e-07,0.9996022193270184,6.459321971142146e-09,6.723037846806488e-08,5.711975052153403e-06,7.515402504917521e-11,1.1781231364500358e-10,3.68188482270564e-12,0.0003645388796702742,2.1989027708244345e-05,5.2476197063451935e-06
34.0,4.2808759390653124e-10,3.407101759209505e-10,2.763352383746712e-07,0.999520734625074,7.110283471869618e-09,6.368885066358882e-08,6.2107140041622425e-06,3.944869464776401e-11,1.181820525951817e-10,1.5768058825320452e-12,0.000421264632885189,4.6116644059391794e-05,5.325321690117463e-06
34.5,5.019815236591004e-10,3.34409489503334e-10,3.0478534776689095e-07,0.9994301154959011,7.480517580185118e-09,6.434738377709283e-08,6.337985332563543e-06,1.985617226350806e-10,1.175083457545748e-10,4.951515276704584e-13,0.0004779579014630987,8.025355428120021e-05,4.957296838936713e-06
35.0,3.979438341069963e-10,3.25377288496413e-10,2.9229441051919254e-07,0.9993330161128389,7.748484324323984e-09,6.407652955558406e-08,5.935147263006717e-06,1.2180858001552167e-09,1.16125774700832e-10,3.4207696199944174e-13,0.0005291416657681294,0.00012746895382071278,4.071942986980585e-06
35.5,2.031038983553695e-10,3.6198970114195914e-10,2.4519335795520317e-07,0.9992314113908501,8.257214913893092e-09,5.971346036499059e-08,5.158111102731466e-06,4.199200631852829e-09,1.141897101912727e-10,5.855623115668503e-13,0.0005684920559796094,0.00019183179404888906,2.788604896265683e-06
36.0,8.736027393501178e-11,3.9056754485069235e-10,1.8350564398614385e-07,0.9991242234629778,9.497998992516578e-09,5.100408544584821e-08,4.8450814694598694e-06,1.0766683759135241e-08,1.1235499347915554e-10,8.597468388153507e-13,0.0005960162478740713,0.00027323442539400335,1.4254166480140038e-06
36.5,9.99528052576572e-11,3.2870501507592047e-10,1.2689796452371725e-07,0.9990024686242146,1.2058559270707934e-08,3.998265549976501e-08,6.086908849633792e-06,2.373639363638952e-08,1.1206202725003783e-10,1.0049834415293096e-12,0.0006802160211122785,0.00031061036798672064,4.1486053878578594e-07
37.0,1.5751785585989155e-10,1.905609256527276e-10,8.405489022103618e-08,0.9988482609105941,1.638608676476136e-08,2.914425115805945e-08,9.046259684760296e-06,4.7974544889693535e-08,1.1443861352102454e-10,9.352782420110279e-13,0.0009820049343245837,0.00016044371405430353,6.615807221994727e-08
37.5,1.904231854301469e-10,6.929960475449243e-11,5.369110065088854e-08,0.9986455658775231,2.2333962539857443e-08,2.0047194994425914e-08,1.2561168574872154e-05,8.962612054984042e-08,1.1834091940022903e-10,8.938547691962171e-13,0.0010929604715429948,0.0002483735048144162,3.529001517152515e-07
38.0,1.8512175427798528e-10,1.6734644867186126e-11,3.226223465685953e-08,0.9983966841848456,2.8766230896578463e-08,1.3341733885625607e-08,1.5019793076713555e-05,1.515813308847178e-07,1.1905950338595035e-10,1.2474689698540698e-12,0.0013804031096785261,0.00020667755439913736,9.890843256500901e-07
38.5,1.3685465973555824e-10,1.947141542841104e-11,1.785358032375834e-08,0.9980902682753459,3.301716805016043e-08,9.61328363701609e-09,1.5480693471354218e-05,2.2887616511036488e-07,1.1021753637216286e-10,1.4329273185773213e-12,0.001727943613812856,0.00016431531797251865,1.702471301043934e-06
39.0,9.676030907503255e-11,1.6918161121376294e-09,8.948360506621678e-09,0.9948743697845807,2.3035208739615343e-08,1.1814451024915155e-08,1.3995250273063859e-05,3.0302891358992214e-05,0.003859244858446311,3.055737376955453e-11,4.236581096526787e-11,0.001221672082571537,3.6947326267611304e-07
39.5,4.3514452923928736e-10,9.96274517437839e-10,3.700953651419654e-09,0.9977616863394791,1.6139055282633087e-08,8.044742341221748e-09,6.978476001829052e-06,0.0009555838158649997,0.0012709418013818114,7.183968267466484e-11,1.670088026257489e-11,1.2512373891017017e-06,3.5289252496464583e-06
40.0,6.307439485282882e-11,1.0335173870138171e-09,5.075855359078738e-09,0.998579241118961,1.2753848921979163e-08,4.784846450790092e-09,3.4302146316644334e-06,0.0008075448781455349,0.0006008423546442875,8.406902677517487e-11,2.228092230487492e-12,1.329471868783134e-07,8.78468887349324e-06
40.5,6.811671456479248e-11,9.682295917164888e-10,1.9922863816047356e-08,0.999432633449786,1.2295178908263937e-08,2.9011551660073366e-09,1.801862996771759e-06,1.5475463006251327e-05,0.0005493435168426278,8.048261635902571e-11,1.1525324093924245e-11,2.7236068655910102e-08,6.82223725142203e-07
41.0,1.3430494839375173e-10,8.249705986712201e-10,1.9564807534643327e-08,0.9997704092016699,1.0394893310605894e-08,1.723453260344292e-09,9.057602645834402e-07,0.00022615503452162348,1.996663794167047e-06,7.030015679928617e-11,8.393906449409686e-12,1.4559887476247275e-08,4.860586697505953e-07
41.5,5.223874822460882e-11,9.68848464809904e-10,2.027986371418812e-08,0.9996264915862715,8.076856130213171e-09,6.499181264482604e-10,4.1139892721014947e-07,0.00015513470253926794,0.00021725976498678732,4.4867497295679224e-11,5.270377974334954e-13,1.8619329103343927e-08,6.538549364782223e-07
42.0,2.6975108500224977e-11,9.72551848158146e-10,2.624444075452494e-08,0.9998862010419456,1.16259731461468e-08,2.627312134382338e-10,1.965738091035259e-07,1.1094376834011168e-06,0.00011225440232938148,2.6919681461946528e-11,8.003619126140203e-12,7.114027057700466e-10,1.9866530204545213e-07
42.5,2.0195873069556636e-11,9.674477101984093e-10,2.369135069524936e-08,0.9998704784104661,2.1128831584992005e-08,1.42712558521125e-10,8.410143514950293e-08,5.78726977445235e-05,7.136048183273771e-05,8.144457454345795e-12,1.6089294232978018e-12,4.365463619668659e-09,1.5398287477368654e-07
43.0,4.846691187525976e-11,9.893530925393254e-10,2.1648630378221207e-08,0.9998270071093273,1.2627811852513293e-08,8.500596394713716e-11,3.557771222138643e-08,4.539202161924414e-05,0.00012743175825671515,6.032868809734226e-12,2.579983950901164e-12,8.457909927838792e-10,9.727943766592901e-08
43.5,8.468952414726937e-11,8.888421977829699e-10,2.0501518581749056e-08,0.9999000894847178,3.382951783890865e-09,3.245776747363632e-12,1.9057894035531014e-08,2.6758315357295836e-05,7.308089061268756e-05,2.3435391649939514e-12,2.045554973929878e-12,4.905474924088984e-10,2.6895332449708658e-08
44.0,6.107249540582096e-11,7.95683500237317e-10,1.7302148676715092e-08,0.9998486254241495,1.2144914159624073e-09,4.8845456061542204e-11,8.276838974912175e-09,8.770740394179418e-05,6.36333715245727e-05,6.536405985881304e-13,3.615326213766597e-13,6.01721631614128e-10,5.498618814216443e-09
44.5,8.419655600166132e-11,6.88983356894973e-10,1.513170542208686e-08,0.9998290376410073,2.2318299141372886e-10,4.653385077774603e-11,8.117016239582943e-09,0.0001313063347566896,3.963094274289139e-05,1.4519406521614964e-12,9.23769461019245e-13,1.5119115601915522e-10,6.362931328704721e-10
45.0,2.7934272062070243e-10,5.420627533240238e-10,1.5069642104500804e-08,0.9998292600747254,1.0031328896221279e-10,1.1725855141642743e-11,4.983228113606962e-09,0.00015560254328355653,1.5104405601368504e-05,9.128532726900184e-15,3.7109766373600384e-13,3.624428843299369e-10,1.1627243964814019e-08
45.5,6.749975828766419e-10,4.0858088853287993e-10,1.7377457742502402e-08,0.9997752820786783,1.907642220536281e-10,3.4216032645503674e-11,1.0037158177822198e-10,0.00021888382729641175,5.7869916469082525e-06,3.0926436769726124e-13,4.638443292759482e-13,1.9439945447857698e-10,2.8120761876280003e-08
46.0,1.1177986019265098e-09,2.8822464542018286e-10,2.3825070003690432e-08,0.9997250173345793,8.610901981505068e-11,4.6442028195164216e-11,3.006092851545775e-09,0.00027225659391569534,2.6561267099045995e-06,6.642328394533925e-14,5.17429636921574e-13,2.5922644740703533e-10,4.1315295398945624e-08
46.5,1.4177843432604115e-09,1.7773916964782987e-10,3.6865956776230165e-08,0.9996709023961394,6.493312979209641e-12,3.509797885206821e-11,7.336505448328958e-09,0.00032805157216760035,9.505114388043121e-07,1.291735972684881e-14,5.354589884664527e-13,2.933158554108123e-10,4.938675774587537e-08
47.0,1.4410441724978077e-09,9.286836425220491e-11,5.8560527019503406e-08,0.9995792062258791,5.1079761340275884e-11,4.1352684854427195e-11,7.70894353325756e-09,0.0004204407516370243,2.3786060211918593e-07,8.353817470984159e-16,6.610801947847373e-13,3.949337664928645e-10,4.687047443344831e-08
47.5,1.2022686237657384e-09,3.744159798421833e-11,9.017521587104205e-08,0.9994571400473018,1.0773658046608913e-10,8.045375976383921e-11,8.955444986056816e-09,0.0005427147951835363,7.985092102562364e-10,2.7437048183471602e-14,6.388334838969974e-13,6.351351894753947e-09,3.7448489434029085e-08
48.0,8.453237442468485e-10,7.94738172643479e-12,1.326980306669466e-07,0.9993069765941076,1.1148475100342319e-10,1.466808701397907e-10,1.5631882772606957e-08,0.0006927255890690373,2.639952109959786e-10,3.344637425732298e-14,6.10743651154049e-13,1.224983103121841e-07,2.5612499015308934e-08
48.5,4.985765455004214e-10,4.6234354009886595e-12,1.8717450394514102e-07,0.9991115409344196,9.327917457246271e-11,2.439904072436834e-10,2.7297060880529946e-08,0.0008876221999636178,4.382264413492653e-10,3.0168924152476587e-14,5.406081302159477e-13,6.056841111919e-07,1.54306631186509e-08
49.0,2.2426438026764093e-10,3.060317596658917e-11,2.543128619915257e-07,0.9988550072172306,9.311079344460471e-11,4.127828855588194e-10,4.225971834988259e-08,0.0011432290084010934,6.199987040541601e-10,4.010835408969332e-14,4.4641568160887053e-13,1.4556728342503463e-06,1.0147760103766382e-08
49.5,6.377716076756806e-11,8.85900452618669e-11,3.3387409082454816e-07,0.9985314402831462,1.0866152978431227e-10,7.285578389570343e-10,6.065216174420132e-08,0.0014655071378599992,8.333609559129949e-10,4.5144177312178466e-14,3.766505005507397e-13,2.646041494580959e-06,1.0187899641218808e-08
50.0,5.7342134540294327e-11,1.8112503632981953e-10,4.242118288387079e-07,0.9981416261127677,1.1097359334352086e-10,1.2714925805540123e-09,8.393357060034812e-08,0.0018538244248646513,1.0777570524537375e-09,5.694082531926581e-14,3.1931006164837966e-13,4.023081322060685e-06,1.5536712224837673e-08
50.5,2.121194573921564e-10,3.131980661131431e-10,5.220168906811981e-07,0.9976912882094109,8.051690312900091e-11,2.098244987109548e-09,1.1255340203110385e-07,0.0023026445302664167,1.3327887064452275e-09,9.136790531704336e-14,2.667263991147575e-13,5.400665736139942e-06,2.7987106162267086e-08
51.0,4.662869612859815e-10,4.898611281629567e-10,6.224049063105994e-07,0.9971923198161611,3.108524551253144e-11,3.2270635428516575e-09,1.4350982727121243e-07,0.002800312791916132,1.5649682494544817e-09,1.461951213141814e-13,2.353254730171941e-13,6.545671678832619e-06,5.002583869616352e-08
51.5,7.122506666405571e-10,7.055587434399747e-10,7.195122490659883e-07,0.9966631756998826,2.1767030176981658e-11,4.626568141143295e-09,1.6879448866094785e-07,0.0033285922862877305,1.7389360288245798e-09,1.9971762267190014e-13,2.5234092259163456e-13,7.255211156298277e-06,8.069045483818047e-08
52.0,8.69446519326203e-10,9.333168996405297e-10,8.075362342231905e-07,0.9961282478473819,1.2238448608841797e-10,6.2481326684701614e-09,1.7601524926629044e-07,0.003863181835602312,1.8258829051644405e-09,2.329953141239048e-13,3.180005955124487e-13,7.464070305905738e-06,1.1269546691151652e-07
52.5,9.294717146250349e-10,1.1272299171737566e-09,8.816344622353204e-07,0.9956204634783149,3.484872399729598e-10,8.080851577847357e-09,1.5344755673565372e-07,0.0043711381360997505,1.8160034922781013e-09,2.39342295425243e-13,3.8911292664988965e-13,7.216447014127463e-06,1.3455395854055108e-07
53.0,9.400829414922458e-10,1.2428614910728801e-09,9.379112530577523e-07,0.9951889514930439,6.711779083502614e-10,1.0113140067704734e-08,1.0120618912819212e-07,0.004803229639550196,1.7194334923365106e-09,2.247389061939979e-13,4.276361489646487e-13,6.627523143322888e-06,1.375395652904467e-07
53.5,9.652726828010042e-10,1.2636880587535801e-09,9.721727600568447e-07,0.9949084872575603,1.0596555447833566e-09,1.224753551728543e-08,4.436503256236827e-08,0.005084534074484561,1.5555104115398305e-09,2.1026228838371845e-13,4.2507434796422426e-13,5.8245835388810255e-06,1.2045439699120802e-07
54.0,1.0562553722514416e-09,1.212240101547269e-09,9.781343791920178e-07,0.9948822749488525,1.4679794792971298e-09,1.426094203667826e-08,3.282577859026287e-08,0.005111709488729301,1.3441265698311582e-09,2.1570551856801235e-13,3.789715360614338e-13,4.895650961962297e-06,8.960916532479434e-08
54.5,1.243286391512259e-09,1.1340248095705205e-09,9.467792593717767e-07,0.9952242116819083,1.7904651117522699e-09,1.577010914922458e-08,1.1109419373210864e-07,0.004770752516488492,1.1044737929797152e-09,2.328633334107667e-13,2.971482681533634e-13,3.901318085728394e-06,5.5567191639447706e-08
55.0,1.5414168721079448e-09,1.0637631928700012e-09,8.694903022812987e-07,0.9959980818275698,1.8826104703257973e-09,1.613418524781233e-08,2.6751390105237947e-07,0.003997811040049974,8.632497327012051e-10,2.2644556224618952e-13,2.1108222122348929e-13,2.920124849937441e-06,2.8517660673466343e-08
55.5,1.953953058849791e-09,9.976767224146774e-10,7.466710632473392e-07,0.9971062688486083,1.6966212828894999e-09,1.4498717956411558e-08,4.128144379800023e-07,0.0028904690239758024,6.616710341881267e-10,1.877045268458496e-13,1.371824363630348e-13,2.0697490349746504e-06,1.3083889339438285e-08
56.0,2.433924604071543e-09,9.077115866926034e-10,5.959146958169469e-07,0.9982353257572433,1.304934487384374e-09,1.0556484129202267e-08,4.3863324942482565e-07,0.0017621833031274822,5.420436357959472e-10,1.3019575683032914e-13,8.185752479242259e-14,1.4338226026519138e-06,6.82380070888158e-09
56.5,2.7802954873559453e-09,8.202474426258744e-10,4.464692169580375e-07,0.9990338535664561,8.506423736530536e-10,5.461919580490825e-09,3.2137001510379137e-07,0.0009643617239853484,5.522852453552813e-10,6.121238850247023e-14,5.4821418174149896e-14,1.000954506281052e-06,5.450277595394605e-09
57.0,2.684860375192728e-09,8.325313446958709e-10,3.2030344626980713e-07,0.9994029926447555,5.644870525661727e-10,1.2959411594319327e-09,1.4901191019600946e-07,0.0005958105639290985,9.356446778993468e-10,7.24548111197652e-15,3.6927023826451673e-14,7.14387996269985e-07,6.774434254183232e-09
57.5,2.100897776680112e-09,9.865167171348491e-10,2.2103875749011448e-07,0.9995317717391369,6.810191799878935e-11,4.121152072019053e-11,3.0811067636745406e-08,0.0004674374345946757,8.736807481660563e-09,1.7105881137005426e-15,8.373820327486817e-15,5.17029439019586e-07,1.0013436047142724e-08
58.0,1.3102391328709872e-09,1.2699004304548294e-09,1.429085589163278e-07,0.9996403171413403,7.581573441321836e-10,1.0539775974665901e-10,8.620537021883484e-10,0.00035912470482265374,3.949816302240665e-07,2.9766558749075075e-14,2.0941138979278487e-15,1.5899324147682503e-09,1.436785913308983e-08
58.5,7.867817400010112e-10,1.4702962162185164e-09,8.376464781652176e-08,0.9997749721043995,2.3142308744456637e-09,4.389393326873583e-11,1.6198713889133905e-08,0.00022460539877852857,2.990577009329571e-07,6.669852363947463e-14,9.567383374881328e-15,1.6267753602227946e-10,1.869776566635489e-08
59.0,5.875484110996438e-10,1.5328848299584379e-09,4.476120499529983e-08,0.999866544590469,2.6432566647891642e-09,2.6816015421510746e-11,2.5162562488700835e-08,0.00013314808500621453,2.1125680243857928e-07,5.574671920069823e-14,1.0737811740264566e-14,4.297673721634209e-11,2.1310469333055364e-08
59.5,5.046360671796627e-10,1.5164657439219717e-09,2.365984198319203e-08,0.9998924916139423,1.4552808841655535e-09,2.0104289371380735e-11,1.64400051631407e-08,0.00010731942376972015,1.255966613856456e-07,6.34826817435699e-15,1.7704118131039433e-14,1.6332157796201798e-11,1.9752964095971748e-08
60.0,4.442742343360455e-10,1.433314546789051e-09,1.5087827741912668e-08,0.9999034663948206,1.8772541799614507e-10,1.2928499195440318e-11,6.5018910270430514e-09,9.644387346266787e-05,5.283173427000557e-08,2.6281891516856023e-14,8.564003479794431e-15,4.9573721621460284e-12,1.322709066568056e-08
60.5,3.8265156394373307e-10,1.3459843930783999e-09,1.4998414417300922e-08,0.9999298299470919,1.6993890656564385e-10,7.496079015215034e-12,3.840277556195494e-09,7.013614644083483e-05,8.140439420818308e-09,5.6527882647360094e-14,1.4589111530683627e-15,3.5089805449379644e-13,5.020886273286892e-09
61.0,3.358124017485244e-10,1.302167965601728e-09,2.0695337725833067e-08,0.9999513561796085,1.0455546037423624e-09,5.563287356449867e-12,2.4534998950938175e-09,4.860790101830273e-05,9.840789814649141e-09,1.6421492645199288e-14,2.4286487627766447e-14,1.0737056321264209e-12,2.394807017024353e-10
61.5,3.8117496313056487e-10,1.2928225543127388e-09,2.869782483194351e-08,0.9999559965684242,1.4348424086979058e-09,1.7707979013384328e-11,1.7785802169859059e-10,4.389836554938895e-05,7.070798422748192e-08,1.4098010549661148e-15,2.848045285639344e-14,6.8028322360072545e-12,2.348984055767016e-09
62.0,6.064406934497673e-10,1.3067524369805577e-09,3.561276781897486e-08,0.9999582297695359,8.597441924691293e-10,5.646052623335004e-11,2.541607151440478e-09,4.153923669710027e-05,1.7917186844523594e-07,5.738392483282681e-15,1.8427922291097647e-14,2.566967799220008e-11,1.0812470918276328e-08
62.5,9.808616422774658e-10,1.3382198740598432e-09,3.9701149714763575e-08,0.9999649802189616,2.645231576790035e-10,4.095216656496755e-11,1.01611787567853e-08,3.463426756258752e-05,3.1133434367712497e-07,1.7171367724247144e-15,9.917482856337622e-15,8.370093504411482e-11,2.160861001304547e-08
63.0,1.3266325971385732e-09,1.3940885361124616e-09,4.055871772759977e-08,0.9999698006303389,4.390303844980692e-10,4.053018710144351e-11,1.7324318000285853e-08,2.968465614336479e-05,4.233419598237348e-07,6.703805263381965e-16,9.907517771236575e-15,3.4484652302369593e-10,2.994343644789835e-08
63.5,1.5172587124191532e-09,1.4472683032476515e-09,3.842863801221933e-08,0.9999697736277132,1.2959467682465092e-09,7.843276158097565e-11,2.2582357493009933e-08,2.9657479403969827e-05,4.639980703147027e-07,5.650226094997e-15,1.3659695862630386e-14,7.415865492430519e-09,3.2129115522783107e-08
64.0,1.5293087012469344e-09,1.4695675203396007e-09,3.398932777194502e-08,0.999967627175621,2.311986955616894e-09,8.360288883494242e-11,3.3076624215982316e-08,3.183285350832745e-05,1.5972444572534454e-09,7.336907833086333e-15,1.7061684681690893e-14,4.392208972716768e-07,2.6692324247165894e-08
64.5,1.4108860816689353e-09,1.4512467964888077e-09,2.8022757199204965e-08,0.9999652347589123,3.0725733174220368e-09,6.691086992498958e-11,5.909507946254826e-08,3.431376199075955e-05,2.646009294660177e-10,3.118276988963603e-15,1.586866901019148e-14,3.4254590877447096e-07,1.5549059917918525e-08
65.0,1.2293480472145695e-09,1.3894025382795534e-09,2.1088682682915075e-08,0.9999618602557637,3.546085270884373e-09,9.637218882128537e-11,1.067328382206526e-07,3.778190531565262e-05,8.579383253907144e-11,2.0193531867289545e-15,1.1635819028462589e-14,2.1906376367352224e-07,4.606595407560701e-09
65.5,1.1304133853641372e-09,1.279163301134579e-09,1.38120836117255e-08,0.9999560925046382,3.941218653289636e-09,2.8338079033870767e-10,1.748090923849668e-07,4.359222625822393e-05,3.242035700927431e-11,4.5836722871034504e-15,7.933335498492952e-15,1.199547678009751e-07,2.6614495812230964e-11
66.0,1.2192569768453025e-09,1.1359685063658657e-09,7.335250741451585e-09,0.99994771680397,4.706631574197535e-09,5.452056674284216e-10,2.5778603173541765e-07,5.1945831068425474e-05,1.4240302931406398e-11,2.9780508654240275e-15,1.7105631942017157e-15,6.196012708367446e-08,2.6623401755629164e-09
66.5,1.3528871143292735e-09,9.893866613488247e-10,2.7411714457160965e-09,0.9999383945597524,6.289127024906432e-09,6.734795267376984e-10,3.51279237046735e-07,6.119830759090187e-05,7.251314969795502e-12,1.3820025979121559e-15,3.5975206915468806e-16,3.500358120973546e-08,8.796593096133141e-09
67.0,1.4685802222811344e-09,8.618420593984985e-10,6.802613406303704e-10,0.9999311008075182,8.884609740581644e-09,4.913567573449131e-10,4.5556048291996083e-07,6.839106449672667e-05,4.739162874526154e-12,1.340857082887932e-15,4.910442489268977e-16,2.649683719119418e-08,1.3679228625307734e-08
67.5,1.5140245983696625e-09,7.574579598420231e-10,1.1341541372313507e-09,0.9999288416799256,1.2377311454845103e-08,6.781890852332793e-11,5.751955507161835e-07,7.052348257316073e-05,5.555206040306671e-12,2.182194797354224e-15,3.701128575978469e-16,3.001943100576462e-08,1.3766186228459647e-08
68.0,1.458304841412822e-09,6.606197504088048e-10,3.3528683619311883e-09,0.9999333466080252,1.6024069182655658e-08,1.780224935793394e-10,7.174746608905992e-07,6.586036176888015e-05,1.0273427031906044e-11,1.4944385673907344e-15,3.345135485229848e-16,4.539632946384934e-08,8.475072330124812e-09
68.5,1.3201410439723106e-09,5.735594773186982e-10,6.1182863925785364e-09,0.9999442980641314,2.0238767798935067e-08,4.952288867503305e-10,8.912188427919692e-07,5.470430765606608e-05,2.1004799909906186e-11,3.618494735923509e-15,1.0851164738418144e-15,7.595159054980645e-08,1.6908381097518898e-09
69.0,1.154565776753216e-09,5.063441961970416e-10,8.166055865392612e-09,0.9999591720947807,2.5210341534250264e-08,9.409325909949626e-10,1.1053152108608901e-06,3.9561144959597626e-05,4.0979946033783243e-11,1.8757437221343564e-14,5.450659557982469e-15,1.243722673055985e-07,1.0535588751692973e-09
69.5,1.0256492537999427e-09,4.5958752043462425e-10,8.701598853391364e-09,0.9999734739212359,3.08472560828833e-08,1.8102151605117962e-09,1.3650533191595597e-06,2.4915564337113472e-05,7.224174659917448e-11,6.571082296386169e-14,1.2008407783365464e-14,1.8860405458542962e-07,1.39403588202638e-08
70.0,9.765321923219135e-10,4.2901542622009484e-10,7.922317283380917e-09,0.9999811543135467,3.7469606856348884e-08,3.1577345935277776e-09,1.663730054334493e-06,1.6830631871749744e-05,1.121647063177277e-10,1.5903095902585913e-13,1.3288378885106056e-14,2.5957645767403807e-07,4.1680477153470634e-08
70.5,1.0126619860965904e-09,4.0701421454573514e-10,7.395011841260916e-09,0.999975199025222,4.562621156369624e-08,4.9900171710287055e-09,1.968184151172867e-06,2.23739964767124e-05,1.5280680331530004e-10,2.7827025167792994e-13,1.3986346638812037e-14,3.224407406676356e-07,7.676929863407952e-08
71.0,1.0964380385528365e-09,3.881474799853153e-10,1.0094076213119925e-08,0.9999484821040879,4.486581623765544e-08,1.843105024008214e-08,2.2050415266710607e-06,4.8768390186309476e-05,1.846341890520694e-10,3.7878931108437394e-13,3.042112559046735e-14,3.626689680529726e-07,1.067347684865493e-07
71.5,1.1413361562131241e-09,4.0450481657791753e-10,1.9926479235686438e-08,0.9998949844487043,5.4804148540265877e-08,2.4563399125596144e-08,2.274211171014378e-06,0.00010214558640167646,2.0102387446383796e-10,4.2179766699241704e-13,8.129667918846907e-14,3.7288640516851983e-07,1.2182594004821287e-07
72.0,1.0884454152333012e-09,4.949187349094534e-10,4.0657665603670933e-08,0.9998118940977385,7.237265812529011e-08,2.7107202829524965e-08,2.1389673289296807e-06,0.00018535020493666666,2.0024385848098137e-10,3.9974693280137954e-13,1.654344088581815e-13,3.550067928685425e-07,1.1980153689572491e-07
72.5,9.57288192728278e-10,6.731618814529551e-10,7.422125073271984e-08,0.9997036103416616,9.495212431240302e-08,2.9143029947784027e-08,2.007305134480825e-06,0.0002937597987829728,1.8515262490990084e-10,3.458032345269446e-13,2.4492325176276857e-13,3.175240433819875e-07,1.0489775929177485e-07
73.0,8.000972034225077e-10,9.454818741704455e-10,1.1841469486135778e-07,0.9995879727004082,1.2360038883234847e-07,2.9427767670677858e-08,2.4487021646872226e-06,0.0004089502890824325,1.6145048606168113e-10,3.012138299793795e-13,2.8035622490473854e-13,2.7109476901465665e-07,8.386309251295086e-08
73.5,6.664280618819739e-10,1.2902631950727815e-09,1.6476578120163707e-07,0.999500045108584,1.608806528172141e-07,2.3636482414839133e-08,4.127496559680246e-06,0.0004951877498658561,1.3531624742441726e-10,2.740563748217187e-13,2.7005476382077713e-13,2.2548262281377016e-07,6.278689839094927e-08
74.0,5.616436197500135e-10,1.633728296430528e-09,1.9914747210723646e-07,0.9994825175813205,1.8864097086344836e-07,2.5488557189830412e-08,7.1224744234243754e-06,0.0005097103918910375,1.1179732528375425e-10,2.2502527898776763e-13,2.5840528038217117e-13,1.8819907368022514e-07,4.576864221338025e-08
74.5,5.034110202210555e-10,1.832301350109309e-09,2.0793274043315338e-07,0.9995579601243298,6.249233310269493e-09,2.2863431151858914e-07,1.047586107039997e-05,0.00043092145583897634,9.364764263770332e-11,1.4764930257248456e-13,2.666564711177512e-13,1.6285031792188926e-07,3.4462381879420437e-08
75.0,4.818459679226848e-10,1.8044342132173617e-09,1.8768740484189126e-07,0.9997035416720007,1.9663854249973787e-09,2.366761499686113e-07,1.2652526171865217e-05,0.0002832011806627025,7.932490153636826e-11,1.7811413523654412e-13,1.757905335546841e-13,1.4761348473176208e-07,2.8311714932512548e-08
75.5,4.2989789009921364e-10,1.6355167896025297e-09,1.4751961337293038e-07,0.9998581539869766,5.315341242045613e-09,2.1456236703844452e-07,1.2600736789701596e-05,0.00012871312750179184,6.348385381832134e-11,2.1984213063034195e-13,5.2089649232793833e-14,1.3688644218221575e-07,2.573573422699938e-08
76.0,4.4278814517966387e-10,1.4456032046512815e-09,1.0424308997045123e-07,0.9999598961142325,6.207918817867848e-09,1.7631926307216245e-07,1.0412793464201242e-05,2.9252315837728977e-05,4.280418953212727e-11,1.392955811011547e-13,2.0564032200314817e-15,1.249937914114023e-07,2.508099370526711e-08
76.5,5.447390061082217e-10,1.3452297888803015e-09,7.211253766568642e-08,0.9999841661260832,3.0157961196231315e-09,1.3436032173785878e-07,7.175909779954757e-06,8.312571272368797e-06,2.142278603647969e-11,3.672076544388154e-14,3.891847798205535e-15,1.0905261899976013e-07,2.494017250381116e-08
77.0,6.237561512229274e-10,1.3716243242380182e-09,5.3824217207921064e-08,0.9999571737889664,3.990093492802375e-10,9.702269603832671e-08,4.225021600856948e-06,3.8334224027510534e-05,1.0849406929007058e-11,3.92366565520742e-14,9.499284257637949e-15,8.951055001341922e-08,2.4202588811659686e-08
77.5,5.818605116125699e-10,1.4092180740840964e-09,4.137648533791976e-08,0.9999333975179567,9.73046991604531e-11,7.220231007023381e-08,2.3685428197343507e-06,6.402736700141076e-05,2.317081967161777e-11,1.5776877502894576e-13,1.8265141330251577e-14,6.88298156698673e-08,2.205196094144617e-08
78.0,4.76772321301139e-10,1.3123805073594841e-09,2.7508053044371498e-08,0.9999460081316713,7.72506939564112e-10,6.127728134638457e-08,1.5883762271464344e-06,5.224377651274875e-05,6.839345712695237e-11,2.828057430197897e-13,2.2543462201068597e-14,5.0191247177256975e-08,1.810869631653136e-08
78.5,4.033280322458328e-10,1.189642274675239e-09,1.4784142673094484e-08,0.9999750016393456,1.0367845311921016e-09,5.634214382025758e-08,1.3326704430486244e-06,2.354257436323533e-05,2.583221570374172e-10,2.77680671484575e-13,9.868259648447477e-15,3.6277260897593943e-08,1.2824021939161028e-08
79.0,3.748539380104183e-10,1.2290313674885797e-09,9.446923404325426e-09,0.9999799992078624,2.1701453756235704e-10,4.8074965788633636e-08,1.0931396973833263e-06,1.8812480981439575e-05,2.765071092276072e-08,1.4461425585791052e-13,1.877325914622382e-15,7.233147474539792e-10,7.454555948632677e-09
79.5,3.429915317261385e-10,1.3319895225704187e-09,1.0331510706221234e-08,0.9999609346818875,4.505737259509801e-10,3.2947900851438974e-08,7.52503711933042e-07,3.824049465984591e-05,2.36372552180703e-08,3.667880407550824e-14,5.202931799952022e-15,3.94965469079022e-11,3.2379252036257513e-09
80.0,3.2321632530181433e-10,1.2500580597348849e-09,1.2415792347724305e-08,0.9999519669971562,3.0945935078484522e-09,1.683245830275795e-08,4.5494957820020835e-07,4.752359163896908e-05,1.9770199905684356e-08,2.4776154126594026e-14,7.546039185751788e-15,1.3757504895576453e-11,7.614131376989449e-10
80.5,3.208713961799015e-10,1.0738361734244357e-09,1.6487579551966936e-08,0.9999594846560064,6.238367388341322e-09,7.982376172407863e-09,2.8975750913296764e-07,4.017719914646697e-05,1.6276315002475196e-08,2.875426348264321e-14,1.4822861430781478e-14,3.3925939605464697e-12,4.591430187177814e-12
81.0,2.671029032430328e-10,1.061520993743585e-09,2.4848237390518083e-08,0.9999565420005376,9.368579237061284e-09,4.98151119919168e-09,2.042071539860021e-07,4.319943561423326e-05,1.3394747742666875e-08,1.4976307623202443e-14,1.6886947251802058e-14,6.478309567285483e-13,4.3430750275609777e-10
81.5,1.921366241694855e-10,1.1045043294935635e-09,3.378870426829385e-08,0.9999367135271107,1.0319102278120102e-08,3.2395065791218545e-09,1.392666736267523e-07,6.308771565760398e-05,9.60804020293671e-09,1.0567695481601906e-14,6.077211163770012e-15,1.0556224678197378e-12,1.2376094074861298e-09
82.0,1.86959707207071e-10,1.054530234532972e-09,3.938068671677943e-08,0.9999200160514887,7.303152657615766e-09,1.6360276209438145e-09,9.791438633724201e-08,7.982945819184685e-05,5.287249620020512e-09,4.400668439105372e-15,6.963673250678963e-15,7.954265644638004e-13,1.7265629712240493e-09
82.5,2.9828943110414183e-10,1.070493343910293e-09,4.3032780561133574e-08,0.9999106646504988,3.472034977047093e-09,5.25206879626247e-10,8.249600744472231e-08,8.920050729667782e-05,2.3865701901260232e-09,1.467405451356989e-16,1.345384402657595e-14,2.089072017837476e-13,1.5605989055953506e-09
83.0,5.087432122356348e-10,1.230639960722735e-09,4.595284344444601e-08,0.9998947119281686,2.601571222883835e-09,4.016114428761416e-10,6.576385667730859e-08,0.00010516988011423133,8.707500951019e-10,1.4954003544064409e-15,1.3828713154771503e-14,1.160297690300419e-13,8.615032706305416e-10
83.5,7.289021983476641e-10,1.341504534492722e-09,4.5755353081931034e-08,0.9998718310743151,3.7306118999566905e-09,1.464361132994615e-09,3.587493381280256e-08,0.00012807965884252236,2.0473670935495066e-10,1.3529969438836627e-16,1.825745226636933e-14,7.032554780771554e-14,1.662938878982232e-10
84.0,8.384599600593543e-10,1.3056082321691165e-09,4.1074659961545663e-08,0.9998550797877662,3.10323792320058e-09,3.1138366615985667e-09,1.2425529329234077e-08,0.0001448582675585387,2.3468597309110505e-11,7.514179480554851e-15,2.102278994956422e-14,3.850019718992403e-15,5.981271562883115e-11
84.5,4.764325002792611e-10,1.2516630618525105e-09,3.3938212273557586e-08,0.9998461730888462,5.763490293688819e-10,3.5520321159410865e-09,1.0091415947232983e-08,0.0001537761796863266,1.3561900799038855e-11,2.464222922570389e-14,5.3077267898123365e-14,1.0465895059884834e-13,8.316160256586333e-10
85.0,4.1372666991454183e-10,1.2108790891123357e-09,2.6229148185301815e-08,0.9998350348565512,1.4080789211847822e-10,1.1533773431717903e-09,1.9123486370311083e-08,0.00016491419557940467,1.5448801816345263e-10,2.9071541495333544e-15,3.0396989100334355e-14,7.066776293993721e-11,2.45125623420634e-09
85.5,3.9082952047816216e-10,1.0991769742314475e-09,1.9901931951330145e-08,0.9998160662443153,5.7462780864780854e-11,2.466538513490244e-10,2.2997097050079197e-08,0.00018388359952096152,2.816568882338996e-12,1.6838214584483223e-14,6.9137268128466616e-15,8.32898245553192e-10,4.627269601890067e-09
86.0,3.3957038643237563e-10,9.185227640619568e-10,1.5627878945644133e-08,0.9997905128012544,4.611513948309424e-10,5.344908667867182e-10,1.660054868288913e-08,0.0002094438792148223,1.6828100132250294e-12,4.407395777201622e-14,3.556976198163454e-14,2.033712392587113e-09,6.8019000185555255e-09
86.5,2.712792082212352e-10,7.44838567853345e-10,1.4362616107868692e-08,0.9997582903581269,9.981844751492215e-10,9.249310758498551e-10,6.6010440956441544e-09,0.00024167343303918088,1.7451838014901324e-12,5.587226730291719e-14,3.728063180995739e-14,4.129127375998688e-09,8.175022528296996e-09
87.0,2.193544654744816e-10,6.153590039465054e-10,1.7030003170445292e-08,0.9997147990541341,1.2091954924046543e-09,8.909218246924985e-10,2.3290655779968794e-09,0.0002851633147706338,2.2134483302487553e-12,4.926688716434297e-14,2.4766054706562302e-14,7.394757787938886e-09,7.940216603236045e-09
87.5,1.864191095248588e-10,5.117577765103227e-10,2.4324494885735446e-08,0.9996541970416377,9.28042569241076e-10,5.957373135976027e-10,8.554072527259092e-09,0.0003457498882474548,3.0952755357722414e-12,4.1276573585053276e-14,3.348082300274882e-14,1.2118380012722465e-08,5.848007733219635e-09
88.0,1.5653754090703535e-10,4.1145756627872316e-10,3.6871561288650687e-08,0.9995720573542188,4.889293973320501e-10,2.818118674930227e-10,2.3528045684133002e-08,0.0004278595174219248,4.389609673387257e-12,2.521461848239468e-14,5.165313632089041e-14,1.8607255160994713e-08,2.7782435565757703e-09
88.5,1.2006116436383503e-10,3.3012890439086446e-10,5.532696762246399e-08,0.9994632222052778,3.0946155607178576e-10,7.820622841768281e-11,4.161577243457819e-08,0.000536652671865759,6.14297223770364e-12,7.40703732463246e-15,5.4760330518961085e-14,2.68701230588928e-08,4.658635781338182e-10
89.0,7.940476150076229e-11,3.0659793046234866e-10,8.040303732603275e-08,0.999316910588481,5.834105908415382e-10,4.513462967349696e-12,5.8081505859017664e-08,0.0006829131025929233,8.468652570590156e-12,6.162245140988964e-15,4.726607367148556e-14,3.6564442961235135e-08,2.7742024100196154e-10
89.5,4.2635355820097376e-11,3.617327584305519e-10,1.1308392405673092e-07,0.999114444366899,1.247794847961725e-09,4.250743332078018e-11,7.233530692020428e-08,0.0008853191742535556,1.1237669108250293e-11,3.175314468918821e-14,3.553284445333625e-14,4.7125564638842984e-08,2.2079834276887373e-09
90.0,1.585866852136778e-11,4.853686545226813e-10,1.5511669427769292e-07,0.9988320926957915,2.1222616071801045e-09,1.8259869532671147e-10,8.689701821934358e-08,0.0011676000749924727,1.391869052910665e-11,7.296083503520552e-14,1.8264296467114423e-14,5.743863659203599e-08,4.956689100646998e-09
90.5,5.629112044693251e-12,6.522003231619107e-10,2.095023389008344e-07,0.9984479031766935,3.0735531656623433e-09,4.1437263018275953e-10,1.0240642355547833e-07,0.0015517082428090744,1.5881264127130436e-11,9.900196466341123e-14,9.979570146596365e-15,6.566438308707444e-08,6.8456137631926555e-09
91.0,2.71998926832355e-11,8.4131313837291e-10,2.8035420591902905e-07,0.9979533728547458,4.0873784237492904e-09,7.260279098136086e-10,1.1201935074594459e-07,0.002046152345378809,1.6712145306503566e-11,9.121740242924949e-14,2.5997992338348294e-14,6.984711517222202e-08,6.880428964464803e-09
91.5,3.3225198778992115e-10,8.881377698857841e-10,3.700086075119257e-07,0.9973753246426992,4.972636301470613e-09,1.2646163449127346e-09,1.0253554923564993e-07,0.002624121399852699,1.6576438154462416e-11,5.948376256980078e-14,7.892581815520511e-14,6.869990768123312e-08,5.239071022608768e-09
92.0,1.2426872045171609e-09,9.728786949215007e-10,4.805217444450693e-07,0.996809762889691,3.228276230233336e-10,7.817052534834809e-09,6.931999349155371e-08,0.003189611786499478,1.4801731124301908e-11,2.8391210016516456e-14,8.990604396426177e-14,6.218297366275713e-08,2.9287371834215327e-09
92.5,1.6172882478661672e-09,1.238497024832865e-09,5.996316904139321e-07,0.9964458561076034,2.8565977425906934e-09,7.981062183341511e-09,4.29790407160676e-08,0.0035534346375799873,1.1283725520419085e-11,4.700541847691931e-15,6.32530014259471e-14,5.1894489799064156e-08,1.0448270226249515e-09
93.0,1.913442758811357e-09,1.3857925448304727e-09,7.006805206618961e-07,0.9965143801406298,7.778842227497797e-09,5.82643549281835e-09,9.090450969739309e-08,0.003484770412161154,8.190538511523103e-12,3.7463423731707755e-15,3.761943820482592e-14,4.078923128621816e-08,1.601382506772402e-10
93.5,2.587142016933613e-09,8.731160866113786e-10,7.48480509835949e-07,0.997113086621637,9.276764963263914e-09,5.9831839792212086e-09,2.4370897170230845e-07,0.0028858706286322196,6.269342340834492e-12,1.2122026966814546e-14,1.751197462045552e-14,3.1684343363437586e-08,1.4948016508201012e-10
94.0,2.88891928108454e-09,5.370396507042783e-10,7.204732008623567e-07,0.9980415913729558,8.235651296881274e-09,6.271422209918711e-09,4.207995934341202e-07,0.0019572232522051844,4.8705062695849145e-12,4.294260976232422e-15,9.398384567596373e-15,2.5646369180456424e-08,5.177845063045145e-10
94.5,1.849880534483257e-09,1.5728779771724789e-09,6.254866687289629e-07,0.9988938346839605,6.2660163002258094e-09,4.7900056213805694e-09,4.836862726846006e-07,0.001105018659481622,4.121243368099433e-12,1.5991523147737795e-15,6.1829489670461666e-15,2.2159826976828883e-08,8.410005902528284e-10
95.0,4.4591142943090323e-10,3.1445409634059366e-09,4.990105739559791e-07,0.9993795800931842,3.819266699650538e-09,2.406174305483179e-09,3.784129296912904e-07,0.0006195115047325008,4.257557696861057e-12,3.9285648195642096e-15,1.9168224985084906e-15,2.0225122516166714e-08,9.33331471655157e-10
95.5,1.2884203064726442e-10,3.690658989360566e-09,3.767764876059386e-07,0.9995298939046985,1.1558470983268982e-09,1.0211357089230662e-09,1.8904178485515267e-07,0.00046951454316285603,5.271473174395997e-12,2.974523397788326e-15,4.4140149702253864e-16,1.8927083174883466e-08,8.049553324655453e-10
96.0,6.448110386287312e-11,3.784951103875943e-09,2.732137752677815e-07,0.9995750216139926,1.95561776690819e-10,1.754695329406878e-10,4.498642511153785e-08,0.0004246377633492714,8.118516253958298e-12,3.980315298576999e-15,3.0000493979760604e-16,1.7629773602287777e-08,5.640515823683724e-10
96.5,2.2839710099651846e-10,3.0542767902546226e-09,1.858630950608019e-07,0.9996690275455034,3.832071835907299e-10,2.0180934755449452e-10,1.1477801536817834e-09,0.00033076524541109586,1.7363249967985268e-11,3.793246047149729e-16,6.613846798439755e-15,1.5986265711336698e-08,3.269194692019528e-10
97.0,2.4028230418654816e-10,2.8608070742102117e-09,1.1455770502541184e-07,0.999781734286036,5.131434515388011e-10,9.54135739485939e-10,1.70633277934346e-08,0.00021811544821578554,7.908352926733291e-11,3.18682024398355e-15,3.529047989537969e-15,1.3837687651626106e-08,1.5960259015830082e-10
97.5,3.185687384835397e-10,2.670152518374834e-09,6.185703812604687e-08,0.999832014233221,2.8458321464161564e-10,1.265461446316717e-09,2.8914736216018683e-08,0.0001678789097583281,1.1114667719420995e-08,2.7388049000037492e-15,2.651706286052558e-15,3.648838621139834e-10,6.688843452001804e-11
98.0,5.97670031586809e-10,2.2825302012847137e-09,2.9476130419416024e-08,0.999832090319988,2.3044780632869672e-11,7.063597202309086e-10,1.786749057990255e-08,0.000167849747699749,8.940701103745793e-09,1.1473522607547872e-15,1.9111620310696044e-15,1.4138253852253509e-11,2.4271806748969228e-11
98.5,1.2870387948818925e-09,1.4079716422826484e-09,1.3401007056875547e-08,0.9998451758451038,2.111816962688071e-11,4.450757805605864e-11,4.081392733563566e-09,0.0001547972329042708,6.667341808221101e-09,2.1939107363210774e-15,3.7701546512544524e-16,3.1986123563045057e-12,8.419929919580966e-12
99.0,1.8793558508082265e-09,6.237686672965416e-10,9.92870960049773e-09,0.9998706777267362,2.157968173984797e-11,1.5405207656889407e-10,1.002932003869445e-09,0.0001293037918567125,4.865918203382462e-09,2.1195367127497833e-15,4.472219745646259e-16,1.0460377913682917e-12,3.980401829181514e-12
99.5,1.4250391483330048e-09,9.4471776112619e-10,1.695458210394544e-08,0.9998735174919794,2.6440030138802404e-10,2.4146213092403776e-10,1.923657829885432e-09,0.00012645719969876288,3.5506730117375343e-09,1.4609017791700034e-15,1.2162744505325044e-16,4.3894787663451247e-13,3.4240611898692203e-12
100.0,2.2418846472476658e-10,2.0042828790860056e-09,3.077635775817707e-08,0.9998620195550311,3.700423803688381e-10,6.473527999366145e-11,1.3200485043806732e-09,0.00013794308568370171,2.5949883472140998e-09,8.529121188616251e-16,3.268038839250805e-16,2.4162406375352235e-13,4.4083903543982726e-12
