trajectory,time_fs,C_N_A,H_C_N_H_deg
TRAJ_00001,0.0,1.3239513439145716,9.729624279540156
TRAJ_00001,0.5,1.3335931068296527,11.25478006265454
TRAJ_00001,1.0,1.3468115128577,12.573844125020438
TRAJ_00001,1.5,1.3625602467118243,13.69588058235221
TRAJ_00001,2.0,1.3793408684971817,14.534089358035589
TRAJ_00001,2.5,1.3961757978298406,15.100841634423881
TRAJ_00001,3.0,1.4125517038086586,15.419735223162007
TRAJ_00001,3.5,1.4282149956844246,15.514753309559731
TRAJ_00001,4.0,1.4443051714351303,15.562464589709704
TRAJ_00001,4.5,1.45917508493054,15.4301391459357
TRAJ_00001,5.0,1.472535622049773,15.141843549998447
TRAJ_00001,5.5,1.484144309517852,14.72227631474936
TRAJ_00001,6.0,1.4937981837307417,14.200844249424506
TRAJ_00001,6.5,1.5013295352910936,13.619969774356742
TRAJ_00001,7.0,1.5066550913240155,13.071686135904196
TRAJ_00001,7.5,1.5123555939126754,12.68080377108844
TRAJ_00001,8.0,1.5184343537344294,12.175586830326337
TRAJ_00001,8.5,1.5229838816566577,11.45773524100149
TRAJ_00001,9.0,1.5260372055861708,10.500778315599128
TRAJ_00001,9.5,1.527635923971872,9.26839963677078
TRAJ_00001,10.0,1.52782252746645,7.713631001097504
TRAJ_00001,10.5,1.526638697935193,5.777268570560847
TRAJ_00001,11.0,1.524126128997062,3.3856588013168682
TRAJ_00001,11.5,1.5209308923683247,0.5826325290338874
TRAJ_00001,12.0,1.516418370658911,-2.8755193392885348
TRAJ_00001,12.5,1.5104616490038423,-7.135403014014064
TRAJ_00001,13.0,1.50294078788173,-12.408305165395495
TRAJ_00001,13.5,1.49427618699049,-18.87762774972086
TRAJ_00001,14.0,1.4846294579937156,-26.599434015374413
TRAJ_00001,14.5,1.4740705486876002,-35.48927351800334
TRAJ_00001,15.0,1.46262735302889,-45.27705504031097
TRAJ_00001,15.5,1.4503404256807484,-55.41742336596172
TRAJ_00001,16.0,1.4374644593861021,-64.96562096711968
TRAJ_00001,16.5,1.424370769143422,-73.44599314945583
TRAJ_00001,17.0,1.4111932895952743,-80.81338590717684
TRAJ_00001,17.5,1.3974248448655389,-87.09025751344113
TRAJ_00001,18.0,1.3838030635274248,-92.44500628568254
TRAJ_00001,18.5,1.3706333716354617,-97.02409272539002
TRAJ_00001,19.0,1.3580926686253134,-100.94476982695097
TRAJ_00001,19.5,1.346302416456639,-104.29830691993611
TRAJ_00001,20.0,1.3353567572699503,-107.15264515645768
TRAJ_00001,20.5,1.3253344637541185,-109.55420756701689
TRAJ_00001,21.0,1.3163026211453333,-111.52911382102782
TRAJ_00001,21.5,1.3083184358106332,-113.08502953601288
TRAJ_00001,22.0,1.3014331538505377,-114.2148936872537
TRAJ_00001,22.5,1.2956987206656958,-114.90227601511239
TRAJ_00001,23.0,1.2911749158679682,-115.12695990893329
TRAJ_00001,23.5,1.2879325757835525,-114.86998465713192
TRAJ_00001,24.0,1.2860483456471978,-114.11780279306375
TRAJ_00001,24.5,1.2855895800118256,-112.8643614259003
TRAJ_00001,25.0,1.2865937993230785,-111.11120841250442
TRAJ_00001,25.5,1.2890538403036331,-108.8674773408076
TRAJ_00001,26.0,1.2929152094849796,-106.15014964381838
TRAJ_00001,26.5,1.298082182614331,-102.98134231109987
TRAJ_00001,27.0,1.3044291695861616,-99.38232695602653
TRAJ_00001,27.5,1.3118179365698739,-95.36856096592523
TRAJ_00001,28.0,1.3201093336325302,-90.94944721160928
TRAJ_00001,28.5,1.3291485318994918,-86.13464718681979
TRAJ_00001,29.0,1.338709256975348,-80.94741762944001
TRAJ_00001,29.5,1.3484078388983611,-75.44946801292964
TRAJ_00001,30.0,1.3575538705261252,-69.82074110343885
TRAJ_00001,30.5,1.366383016769581,-63.90502343810309
TRAJ_00001,31.0,1.3754692331190157,-57.762674098211846
TRAJ_00001,31.5,1.3842707045619436,-51.316176334614546
TRAJ_00001,32.0,1.3925720519776192,-44.564854906184706
TRAJ_00001,32.5,1.4002793925734398,-37.504508898044996
TRAJ_00001,33.0,1.4073964361628848,-30.13223861533014
TRAJ_00001,33.5,1.4140829896587812,-22.437598113797744
TRAJ_00001,34.0,1.4201527319974208,-14.464243908387036
TRAJ_00001,34.5,1.4256095388702525,-6.258945006402565
TRAJ_00001,35.0,1.4304263239775152,2.109372378738718
TRAJ_00001,35.5,1.4345633948006633,10.556659814429345
TRAJ_00001,36.0,1.4379899692214297,18.998002280786054
TRAJ_00001,36.5,1.4406848014400608,27.36234351422737
TRAJ_00001,37.0,1.4426197515040156,35.59921764097274
TRAJ_00001,37.5,1.4437454906830915,43.67604394939362
TRAJ_00001,38.0,1.4439877861288006,51.569385799425106
TRAJ_00001,38.5,1.443252136577273,59.2535954542582
TRAJ_00001,39.0,1.4414324202750919,66.69321999774556
TRAJ_00001,39.5,1.4384253510202316,73.84805996660403
TRAJ_00001,40.0,1.434162818695634,80.68822037248479
TRAJ_00001,40.5,1.428659401849705,87.21528472730007
TRAJ_00001,41.0,1.4227253907015132,93.52707464085783
TRAJ_00001,41.5,1.4159010123055795,99.70807222583792
TRAJ_00001,42.0,1.4084548681121087,105.98879111799269
TRAJ_00001,42.5,1.4010257291549524,111.61024344461148
TRAJ_00001,43.0,1.3921475068342746,117.48459725744092
TRAJ_00001,43.5,1.3808492671065447,125.27375363062272
TRAJ_00001,44.0,1.369407585385726,134.36680392460426
TRAJ_00001,44.5,1.3578002880239362,144.69896811593904
TRAJ_00001,45.0,1.3463523241385906,155.8796653066173
TRAJ_00001,45.5,1.334861747896344,167.36447572723665
TRAJ_00001,46.0,1.3234200107664043,178.45713108551183
TRAJ_00001,46.5,1.3122608788315975,-171.3667506501884
TRAJ_00001,47.0,1.301640747088007,-162.30966491396856
TRAJ_00001,47.5,1.291770498254964,-154.32487433275114
TRAJ_00001,48.0,1.283114536302159,-147.34638805071083
TRAJ_00001,48.5,1.2754580260089883,-141.10043128777016
TRAJ_00001,49.0,1.2688796855305047,-135.404431757866
TRAJ_00001,49.5,1.263449795824566,-130.1096740939553
TRAJ_00001,50.0,1.2592425816433959,-125.10661378167045
TRAJ_00001,50.5,1.2563361792590435,-120.32777665231852
TRAJ_00001,51.0,1.2548009714391375,-115.75003337294699
TRAJ_00001,51.5,1.2546933567935203,-111.3929872319294
TRAJ_00001,52.0,1.2560699182985227,-107.30753109941178
TRAJ_00001,52.5,1.2590483052375956,-103.58501091110332
TRAJ_00001,53.0,1.2639145344589091,-100.35503080931538
TRAJ_00001,53.5,1.2710602837974916,-97.74614500742523
TRAJ_00001,54.0,1.2801871329504924,-95.68720773100101
TRAJ_00001,54.5,1.2913310135311362,-94.199525035115
TRAJ_00001,55.0,1.3044497837664057,-93.2761466637496
TRAJ_00001,55.5,1.3194099581240555,-92.87906273750765
TRAJ_00001,56.0,1.3359785047896389,-92.9413043052303
TRAJ_00001,56.5,1.353830192035169,-93.37685737062588
TRAJ_00001,57.0,1.372559035193204,-94.08366109629729
TRAJ_00001,57.5,1.391554398904405,-94.6830215914042
TRAJ_00001,58.0,1.4099681541805185,-95.07855866826374
TRAJ_00001,58.5,1.4282567058337328,-95.73406282551987
TRAJ_00001,59.0,1.4459592199903164,-96.61772812676016
TRAJ_00001,59.5,1.4625559586209596,-97.71000867109227
TRAJ_00001,60.0,1.476860952034337,-98.97951794280507
TRAJ_00001,60.5,1.4884761487317888,-100.41758861958272
TRAJ_00001,61.0,1.4969822506337498,-102.03913361410329
TRAJ_00001,61.5,1.5021049543319365,-103.88255952305197
TRAJ_00001,62.0,1.5038341661265808,-106.01132511838267
TRAJ_00001,62.5,1.5024546113688817,-108.51429132176322
TRAJ_00001,63.0,1.4984639294642847,-111.50177779199691
TRAJ_00001,63.5,1.492408850582763,-115.09528648621544
TRAJ_00001,64.0,1.4842909752704314,-119.47023068992294
TRAJ_00001,64.5,1.4748324658403256,-124.63916878334574
TRAJ_00001,65.0,1.4646818930629035,-130.5551580404557
TRAJ_00001,65.5,1.454339957052945,-136.97331552545882
TRAJ_00001,66.0,1.4443013031111382,-143.46378062236002
TRAJ_00001,66.5,1.434997615434328,-149.50458703156934
TRAJ_00001,67.0,1.4267037758165655,-154.6174119058612
TRAJ_00001,67.5,1.4195938633050933,-158.55959374114352
TRAJ_00001,68.0,1.4136862361793037,-161.7029776829195
TRAJ_00001,68.5,1.408981543683877,-164.07359629275237
TRAJ_00001,69.0,1.4054518494426838,-165.67658335482372
TRAJ_00001,69.5,1.4028413787762635,-166.54192330862466
TRAJ_00001,70.0,1.4006610093713052,-166.7263836697202
TRAJ_00001,70.5,1.39853802735187,-166.25713038800777
TRAJ_00001,71.0,1.3961666390730094,-165.18985917918795
TRAJ_00001,71.5,1.3932891925993893,-163.5821402771958
TRAJ_00001,72.0,1.3898198044683936,-161.48044339630647
TRAJ_00001,72.5,1.385818893007607,-158.95924811314615
TRAJ_00001,73.0,1.3814262915574755,-156.10953089883643
TRAJ_00001,73.5,1.376786809522428,-153.04605751077946
TRAJ_00001,74.0,1.3720418770145266,-149.88974858914384
TRAJ_00001,74.5,1.367316534288292,-146.74091916153904
TRAJ_00001,75.0,1.3626847417488352,-143.64037265287573
TRAJ_00001,75.5,1.358386275778103,-140.57655712485501
TRAJ_00001,76.0,1.354714990994442,-137.55360781547608
TRAJ_00001,76.5,1.3517763121820483,-134.5731259838106
TRAJ_00001,77.0,1.349582762782322,-131.63314121115457
TRAJ_00001,77.5,1.3480849200732814,-128.7379964743282
TRAJ_00001,78.0,1.3471935485018667,-125.90586215926656
TRAJ_00001,78.5,1.3467986615640692,-123.17403987682428
TRAJ_00001,79.0,1.3467843939371902,-120.60165244776246
TRAJ_00001,79.5,1.3470394037253342,-118.26612268772229
TRAJ_00001,80.0,1.347458452359913,-116.2482712910991
TRAJ_00001,80.5,1.3479334481358076,-114.61374749412609
TRAJ_00001,81.0,1.3483420315237833,-113.4106575215862
TRAJ_00001,81.5,1.3485537417623643,-112.68117378817328
TRAJ_00001,82.0,1.34845593570672,-112.46617832550754
TRAJ_00001,82.5,1.3479864448365315,-112.79265894494763
TRAJ_00001,83.0,1.347156930035783,-113.64985359188476
TRAJ_00001,83.5,1.3460429721720932,-114.97532188062104
TRAJ_00001,84.0,1.3447425615727557,-116.68390631723537
TRAJ_00001,84.5,1.3433185322043475,-118.71512287472297
TRAJ_00001,85.0,1.3417391630117916,-121.03719545186816
TRAJ_00001,85.5,1.33987660325976,-123.63548051196949
TRAJ_00001,86.0,1.33758570796761,-126.5067851947526
TRAJ_00001,86.5,1.334813368211413,-129.6525336436475
TRAJ_00001,87.0,1.3316638544505033,-133.07155093894738
TRAJ_00001,87.5,1.3283735623272868,-136.76126716376845
TRAJ_00001,88.0,1.3252120419138298,-140.72360363804648
TRAJ_00001,88.5,1.322394796442313,-144.9672990317059
TRAJ_00001,89.0,1.320048703424056,-149.50876557471122
TRAJ_00001,89.5,1.3182091849852227,-154.37270686377454
TRAJ_00001,90.0,1.3168285593496822,-159.59044646741714
TRAJ_00001,90.5,1.315789520664652,-165.1930866813143
TRAJ_00001,91.0,1.3149274455211515,-171.19693260697747
TRAJ_00001,91.5,1.3140677819474305,-177.58168619549895
TRAJ_00001,92.0,1.3130775462507531,175.730898351236
TRAJ_00001,92.5,1.3119134560191998,168.8823056740601
TRAJ_00001,93.0,1.3106377120935198,162.05586882289026
TRAJ_00001,93.5,1.3093854495979125,155.43548002944783
TRAJ_00001,94.0,1.3082972691248362,149.16723944618602
TRAJ_00001,94.5,1.307446225356316,143.34170632779535
TRAJ_00001,95.0,1.3067804181945308,137.99512144734805
TRAJ_00001,95.5,1.3060925713069762,133.11775476468213
TRAJ_00001,96.0,1.30497760727534,128.6530290641848
TRAJ_00001,96.5,1.303111853758552,124.69158377128447
TRAJ_00001,97.0,1.3006203403686916,121.1065754271309
TRAJ_00001,97.5,1.2976814183096017,117.77292372489295
TRAJ_00001,98.0,1.2948282069229764,114.60381322959492
TRAJ_00001,98.5,1.292567089411885,111.52887038442037
TRAJ_00001,99.0,1.291233240464098,108.49779674243233
TRAJ_00001,99.5,1.290949218888889,105.48593297347176
TRAJ_00001,100.0,1.291654542580576,102.50003348573719
TRAJ_00002,0.0,1.3387326823464551,-3.3216368360213377
TRAJ_00002,0.5,1.3361403081171768,-3.6704138318245874
TRAJ_00002,1.0,1.336529656887042,-3.743140954243468
TRAJ_00002,1.5,1.3402165436354512,-3.6060711905115572
TRAJ_00002,2.0,1.3475809604398918,-3.390161038542186
TRAJ_00002,2.5,1.3582835914676843,-3.0597015880967975
TRAJ_00002,3.0,1.3721096555478158,-2.6408458181718757
TRAJ_00002,3.5,1.388752778891301,-2.148638445174656
TRAJ_00002,4.0,1.4078701972615748,-1.598052202712624
TRAJ_00002,4.5,1.4275572341333715,-1.020484726260046
TRAJ_00002,5.0,1.4484681621828275,-0.2791502149864083
TRAJ_00002,5.5,1.470471962659917,0.6222858921133041
TRAJ_00002,6.0,1.4936812056762077,1.658433909775682
TRAJ_00002,6.5,1.517568709898548,2.888279707488633
TRAJ_00002,7.0,1.5419281128958489,4.337258951484281
TRAJ_00002,7.5,1.5665368275616005,6.032261305433673
TRAJ_00002,8.0,1.5911436713691791,7.9949494139823765
TRAJ_00002,8.5,1.6154777141732004,10.232501984812814
TRAJ_00002,9.0,1.6392790687182484,12.730050664970715
TRAJ_00002,9.5,1.6623339488655082,15.450755756341433
TRAJ_00002,10.0,1.6844907674196723,18.345294305322582
TRAJ_00002,10.5,1.7056485470598064,21.365072560001586
TRAJ_00002,11.0,1.7257286421076423,24.471397968139772
TRAJ_00002,11.5,1.7446471772477716,27.636429150510416
TRAJ_00002,12.0,1.7623013047579592,30.835636074138915
TRAJ_00002,12.5,1.7786611807469452,34.048074697633886
TRAJ_00002,13.0,1.7940614558527683,37.43534958663367
TRAJ_00002,13.5,1.8083784682736008,41.044355118332476
TRAJ_00002,14.0,1.8214908556718905,44.90202034842688
TRAJ_00002,14.5,1.8333111334996484,49.02645760869345
TRAJ_00002,15.0,1.8437887081792415,53.419766673296046
TRAJ_00002,15.5,1.852886963238982,58.04540837043668
TRAJ_00002,16.0,1.8605372406298977,62.784370277276444
TRAJ_00002,16.5,1.8666787251877968,67.4909530222849
TRAJ_00002,17.0,1.8726369748674103,73.50592137528083
TRAJ_00002,17.5,1.877686033122159,79.94238362146845
TRAJ_00002,18.0,1.88173381618875,86.81210644950275
TRAJ_00002,18.5,1.8846594014220797,94.10130272099154
TRAJ_00002,19.0,1.8863310170115009,101.77094943898798
TRAJ_00002,19.5,1.8866256735893168,109.76258655280857
TRAJ_00002,20.0,1.8854445489627853,118.01386122589369
TRAJ_00002,20.5,1.8827150839417295,126.48094288015531
TRAJ_00002,21.0,1.8788853682989493,135.1553053516914
TRAJ_00002,21.5,1.8733646357561053,144.06961719933383
TRAJ_00002,22.0,1.866050109305667,153.27825557055004
TRAJ_00002,22.5,1.8568153358016528,162.82010199842404
TRAJ_00002,23.0,1.84552941198152,172.6738122836394
TRAJ_00002,23.5,1.8320903053351565,-177.27717524888476
TRAJ_00002,24.0,1.8164606647346893,-167.24190773496127
TRAJ_00002,24.5,1.7986750941028358,-157.45472253047313
TRAJ_00002,25.0,1.7787992915315365,-148.07450587156572
TRAJ_00002,25.5,1.7569211369966133,-139.17547662101995
TRAJ_00002,26.0,1.733163656013927,-130.78105723101197
TRAJ_00002,26.5,1.707682443645682,-122.8810461672652
TRAJ_00002,27.0,1.6806654163319779,-115.44713643928304
TRAJ_00002,27.5,1.6528033618276154,-108.37031502663031
TRAJ_00002,28.0,1.6238678230698536,-101.69711621514551
TRAJ_00002,28.5,1.5941123349950088,-95.41188369670886
TRAJ_00002,29.0,1.5637729378259062,-89.50666334831999
TRAJ_00002,29.5,1.533047323831157,-83.97109202394816
TRAJ_00002,30.0,1.5020959138618084,-78.77373763758342
TRAJ_00002,30.5,1.4710639208602312,-73.8400137176254
TRAJ_00002,31.0,1.4400862275208484,-69.04380612784432
TRAJ_00002,31.5,1.4093004015823454,-64.22099033231478
TRAJ_00002,32.0,1.377944785484778,-59.233590688283165
TRAJ_00002,32.5,1.3463238577297065,-53.990073672287664
TRAJ_00002,33.0,1.3147957192612847,-48.464191798448184
TRAJ_00002,33.5,1.2839252114249275,-42.65993922274228
TRAJ_00002,34.0,1.2544569940365637,-36.62917637325896
TRAJ_00002,34.5,1.2272757060234085,-30.471363953212908
TRAJ_00002,35.0,1.2033481666691133,-24.30720879032025
TRAJ_00002,35.5,1.183566707100545,-18.269411068553737
TRAJ_00002,36.0,1.1686930367744839,-12.462787027316894
TRAJ_00002,36.5,1.1593356390976373,-6.94150990431333
TRAJ_00002,37.0,1.1558773242324754,-1.7025464299525968
TRAJ_00002,37.5,1.1583864809208984,3.2996401434867186
TRAJ_00002,38.0,1.1666038072777094,8.124435995272854
TRAJ_00002,38.5,1.179624906951628,12.866185921070059
TRAJ_00002,39.0,1.1966069334844027,17.550214234609598
TRAJ_00002,39.5,1.21642529452626,22.161436597456895
TRAJ_00002,40.0,1.2379294898041404,26.631091053445402
TRAJ_00002,40.5,1.2602046037356665,30.867433345318677
TRAJ_00002,41.0,1.282763447527511,34.81819773315505
TRAJ_00002,41.5,1.3054875812386473,38.513555528918225
TRAJ_00002,42.0,1.3289194463728176,42.15938328198429
TRAJ_00002,42.5,1.353238677503193,45.92752070288128
TRAJ_00002,43.0,1.3783602157467927,50.10301473878736
TRAJ_00002,43.5,1.4044535968549352,54.81227253771858
TRAJ_00002,44.0,1.4314283539241732,60.357421098842856
TRAJ_00002,44.5,1.4591042603519637,67.10544999944753
TRAJ_00002,45.0,1.4872254597968169,75.46226912535606
TRAJ_00002,45.5,1.5154874090305377,85.74647485534176
TRAJ_00002,46.0,1.5435749486759935,97.89913477060965
TRAJ_00002,46.5,1.5712070648906584,111.1632856381047
TRAJ_00002,47.0,1.5981737667799103,124.2081280150408
TRAJ_00002,47.5,1.6243473011371552,135.85223677998908
TRAJ_00002,48.0,1.6496613909202864,145.62911893086113
TRAJ_00002,48.5,1.674070379902426,153.70181227582864
TRAJ_00002,49.0,1.6975024944477783,160.51415253557815
TRAJ_00002,49.5,1.7198101341879943,166.55560696157926
TRAJ_00002,50.0,1.7407107929146863,172.2665595315987
TRAJ_00002,50.5,1.7601977581728665,177.73818043853336
TRAJ_00002,51.0,1.7781040240503712,-176.9346667393668
TRAJ_00002,51.5,1.7942993921073243,-171.89414361608777
TRAJ_00002,52.0,1.8087336649863945,-167.330753709996
TRAJ_00002,52.5,1.8215898531965946,-163.35795561648513
TRAJ_00002,53.0,1.8330042889781033,-160.0029038433597
TRAJ_00002,53.5,1.8430792507493405,-157.22237672117393
TRAJ_00002,54.0,1.8518592410162276,-154.94823216470846
TRAJ_00002,54.5,1.8593309436654142,-153.11127826675522
TRAJ_00002,55.0,1.8654343604689307,-151.64521423404975
TRAJ_00002,55.5,1.870113136550756,-150.46485488690197
TRAJ_00002,56.0,1.8731181300880198,-149.5337133249634
TRAJ_00002,56.5,1.874330787043511,-148.7736609152075
TRAJ_00002,57.0,1.8736643604377128,-148.08630938758913
TRAJ_00002,57.5,1.8710705535923535,-147.3629923235072
TRAJ_00002,58.0,1.8665208238432807,-146.5087474853316
TRAJ_00002,58.5,1.859995163722347,-145.46161858736892
TRAJ_00002,59.0,1.8515028834724765,-144.1817944977366
TRAJ_00002,59.5,1.841022082890048,-142.61295895972265
TRAJ_00002,60.0,1.8284631699602356,-140.70052069250167
TRAJ_00002,60.5,1.8137033897125583,-138.3919647041585
TRAJ_00002,61.0,1.796580163941847,-135.635178337535
TRAJ_00002,61.5,1.7768849969561629,-132.39915869153472
TRAJ_00002,62.0,1.7550362829042,-128.6794233349718
TRAJ_00002,62.5,1.7301211869561801,-124.73274588196946
TRAJ_00002,63.0,1.7021010647545813,-120.92714907503691
TRAJ_00002,63.5,1.6712298585222793,-117.6583641193464
TRAJ_00002,64.0,1.637965423572023,-115.1759798219073
TRAJ_00002,64.5,1.602775363709823,-113.54907105845909
TRAJ_00002,65.0,1.5660253281815248,-112.74094995371429
TRAJ_00002,65.5,1.527984646118737,-112.6753016831658
TRAJ_00002,66.0,1.4888929621700728,-113.25879711911642
TRAJ_00002,66.5,1.4490118821713205,-114.38591701088896
TRAJ_00002,67.0,1.4086198439755164,-115.95169343737007
TRAJ_00002,67.5,1.367919284212469,-117.87356224320772
TRAJ_00002,68.0,1.3270970262504824,-120.10006948841624
TRAJ_00002,68.5,1.2872518499382006,-122.19214544032619
TRAJ_00002,69.0,1.2488006596570527,-124.41123634782122
TRAJ_00002,69.5,1.212789371387996,-126.68929454884042
TRAJ_00002,70.0,1.1804186146086917,-128.98820291007306
TRAJ_00002,70.5,1.1529686334022227,-131.29186226862348
TRAJ_00002,71.0,1.1317063093201227,-133.59592736065352
TRAJ_00002,71.5,1.117750148137332,-135.9005445139206
TRAJ_00002,72.0,1.111885227856923,-138.20624205925662
TRAJ_00002,72.5,1.1143755463324216,-140.5087545246739
TRAJ_00002,73.0,1.124810138219024,-142.80393381605396
TRAJ_00002,73.5,1.1421281562844785,-145.08371659886345
TRAJ_00002,74.0,1.1648980093963615,-147.32644652109255
TRAJ_00002,74.5,1.1916166776539485,-149.482941171682
TRAJ_00002,75.0,1.2209993209606151,-151.490771885893
TRAJ_00002,75.5,1.2518625336247386,-153.25889763295345
TRAJ_00002,76.0,1.2832397979413241,-154.7264591288257
TRAJ_00002,76.5,1.3144421876838286,-155.90501296206435
TRAJ_00002,77.0,1.3450567808496632,-156.86363758099043
TRAJ_00002,77.5,1.3748751660054062,-157.6940035406993
TRAJ_00002,78.0,1.4037962579380976,-158.48017147429178
TRAJ_00002,78.5,1.431758375868822,-159.28414626059538
TRAJ_00002,79.0,1.4587094011281516,-160.14458102426545
TRAJ_00002,79.5,1.484600371860546,-161.08145925488077
TRAJ_00002,80.0,1.5093897813235029,-162.10214044431967
TRAJ_00002,80.5,1.533052454648058,-163.20746632835588
TRAJ_00002,81.0,1.555583427461003,-164.3973286051679
TRAJ_00002,81.5,1.5769928629375356,-165.6733039677375
TRAJ_00002,82.0,1.5972917974949428,-167.0364823874719
TRAJ_00002,82.5,1.6164765225606088,-168.48300849449475
TRAJ_00002,83.0,1.63450845627987,-169.99715512442498
TRAJ_00002,83.5,1.6512961035431,-171.53998170349726
TRAJ_00002,84.0,1.6666968061355985,-173.03496395413475
TRAJ_00002,84.5,1.6805656083929983,-174.36197315052766
TRAJ_00002,85.0,1.6928571985452712,-175.3817417333633
TRAJ_00002,85.5,1.7037007315655857,-175.99802123179455
TRAJ_00002,86.0,1.7133271734753293,-176.21627107060303
TRAJ_00002,86.5,1.7218997131044826,-176.1437102722499
TRAJ_00002,87.0,1.7294345101159598,-175.9300348128933
TRAJ_00002,87.5,1.7358494139313645,-175.69778507456968
TRAJ_00002,88.0,1.7410336308262329,-175.5090963490837
TRAJ_00002,88.5,1.7448806806045838,-175.37230791434345
TRAJ_00002,89.0,1.7472717570913239,-175.2550920193961
TRAJ_00002,89.5,1.7483631256993437,-175.17488902325042
TRAJ_00002,90.0,1.748063648325409,-175.1150267737067
TRAJ_00002,90.5,1.746287915814377,-175.06203780647786
TRAJ_00002,91.0,1.7429590850450245,-175.00568648676693
TRAJ_00002,91.5,1.7380110536007296,-174.9377934006206
TRAJ_00002,92.0,1.7313884285683896,-174.85077912123384
TRAJ_00002,92.5,1.723042926593858,-174.73641393520944
TRAJ_00002,93.0,1.7129293050946182,-174.58524617503625
TRAJ_00002,93.5,1.7010855240407718,-174.38472559892168
TRAJ_00002,94.0,1.6871256855609318,-174.1256308090123
TRAJ_00002,94.5,1.6708816319529587,-173.79794300035607
TRAJ_00002,95.0,1.6520789330115677,-173.41154770598084
TRAJ_00002,95.5,1.6303730605760725,-173.01592004133354
TRAJ_00002,96.0,1.6052415035999676,-172.64214504213277
TRAJ_00002,96.5,1.5763174492920413,-172.32354258287617
TRAJ_00002,97.0,1.5435348363389798,-172.0462585627896
TRAJ_00002,97.5,1.5070975996035207,-171.7702989124223
TRAJ_00002,98.0,1.4674012156997713,-171.46409630945885
TRAJ_00002,98.5,1.425161144217672,-171.14843992443326
TRAJ_00002,99.0,1.381145590226833,-170.86264241079823
TRAJ_00002,99.5,1.3362391236673663,-170.63369197050397
TRAJ_00002,100.0,1.2920246582521233,-170.49020217327757
TRAJ_00003,0.0,1.3020107777166559,21.10759209177838
TRAJ_00003,0.5,1.3115831047181108,19.90185071103212
TRAJ_00003,1.0,1.3246169710001838,18.563618113859135
TRAJ_00003,1.5,1.34071624619207,17.106604309573697
TRAJ_00003,2.0,1.3594027407082319,15.532598532430947
TRAJ_00003,2.5,1.3801316211979775,13.839358219623815
TRAJ_00003,3.0,1.4023392664469003,12.02997683260473
TRAJ_00003,3.5,1.4255015870415646,10.118401830726706
TRAJ_00003,4.0,1.4491795922969186,8.129722163242516
TRAJ_00003,4.5,1.4730369728050359,6.096568221865574
TRAJ_00003,5.0,1.4968299826871614,4.054322816941238
TRAJ_00003,5.5,1.5203980684777247,2.036384665101859
TRAJ_00003,6.0,1.5437306017917451,0.060390735526146724
TRAJ_00003,6.5,1.5670130641044748,-1.9017681939928885
TRAJ_00003,7.0,1.5904030625239982,-3.9158424551760502
TRAJ_00003,7.5,1.6139441140273807,-6.056764467463546
TRAJ_00003,8.0,1.63761006071941,-8.398362179730546
TRAJ_00003,8.5,1.661340800958464,-11.010342671700892
TRAJ_00003,9.0,1.6850574535394136,-13.955176799765137
TRAJ_00003,9.5,1.708661494577619,-17.28247343619684
TRAJ_00003,10.0,1.7320129660744548,-21.019112288303038
TRAJ_00003,10.5,1.7548632552301944,-25.15031696287157
TRAJ_00003,11.0,1.7767180177717057,-29.573137083982537
TRAJ_00003,11.5,1.7969406518845847,-34.06555937137681
TRAJ_00003,12.0,1.8151298231998554,-38.424617980243866
TRAJ_00003,12.5,1.8310623156749664,-42.530874748078425
TRAJ_00003,13.0,1.849583507996844,-47.347117175839145
TRAJ_00003,13.5,1.8686290589486223,-51.98074931652527
TRAJ_00003,14.0,1.888206584399412,-56.428705936064674
TRAJ_00003,14.5,1.9083159228997615,-60.70328596461692
TRAJ_00003,15.0,1.9289489198618195,-64.82345230842581
TRAJ_00003,15.5,1.9500835334443263,-68.81006318193782
TRAJ_00003,16.0,1.9716721939435113,-72.68380397041045
TRAJ_00003,16.5,1.9936209396239695,-76.46436507690214
TRAJ_00003,17.0,2.0157350323031027,-80.16949332211719
TRAJ_00003,17.5,2.0373895713521746,-83.81411564189864
TRAJ_00003,18.0,2.058933473185354,-87.41621081983389
TRAJ_00003,18.5,2.0802601651158525,-90.987945693504
TRAJ_00003,19.0,2.1012316600179815,-94.52972604008151
TRAJ_00003,19.5,2.121676988350723,-98.02230508787589
TRAJ_00003,20.0,2.1413937762486683,-101.41756366304537
TRAJ_00003,20.5,2.160157292250987,-104.63397193337875
TRAJ_00003,21.0,2.1777382883510716,-107.56875397952554
TRAJ_00003,21.5,2.193921548101495,-110.1332341938484
TRAJ_00003,22.0,2.208513833171087,-112.29276995852037
TRAJ_00003,22.5,2.2213424562699706,-114.07758984781843
TRAJ_00003,23.0,2.2322592362960654,-115.55879992771732
TRAJ_00003,23.5,2.241153330185715,-116.81527463584729
TRAJ_00003,24.0,2.2479661066902037,-117.91202910400705
TRAJ_00003,24.5,2.252698552527578,-118.89197777801331
TRAJ_00003,25.0,2.2554081760100138,-119.77570079836663
TRAJ_00003,25.5,2.2561965214784268,-120.56473397572758
TRAJ_00003,26.0,2.2551918390621712,-121.24604241890003
TRAJ_00003,26.5,2.2525303833954426,-121.79641478085726
TRAJ_00003,27.0,2.248339959301011,-122.18667936097614
TRAJ_00003,27.5,2.2427265025396865,-122.3860118195951
TRAJ_00003,28.0,2.235762517897621,-122.36627722757679
TRAJ_00003,28.5,2.227474681921634,-122.1058567152322
TRAJ_00003,29.0,2.2178282599902372,-121.59252896854419
TRAJ_00003,29.5,2.206710279544816,-120.82498974198458
TRAJ_00003,30.0,2.1939246987597514,-119.80695748452874
TRAJ_00003,30.5,2.179329987875018,-118.63351964237303
TRAJ_00003,31.0,2.1626835417667625,-117.33701175053265
TRAJ_00003,31.5,2.1439368251812483,-115.90079567361973
TRAJ_00003,32.0,2.123092321842589,-114.34466626534474
TRAJ_00003,32.5,2.0997708443484515,-112.40843206610538
TRAJ_00003,33.0,2.075220391016014,-110.44859098819123
TRAJ_00003,33.5,2.0495280260260373,-108.38176990725793
TRAJ_00003,34.0,2.0229885551069198,-106.18384440387209
TRAJ_00003,34.5,1.9959247339164683,-103.8340115379732
TRAJ_00003,35.0,1.968663030763364,-101.31133138141698
TRAJ_00003,35.5,1.941510736726619,-98.59695768734473
TRAJ_00003,36.0,1.9146562044649469,-95.65323211380141
TRAJ_00003,36.5,1.8883487239016252,-92.41982400786284
TRAJ_00003,37.0,1.8630108683300504,-88.99486274735759
TRAJ_00003,37.5,1.8386525435502912,-85.48574941964664
TRAJ_00003,38.0,1.815271507940246,-82.07745986322439
TRAJ_00003,38.5,1.7927355954912476,-79.04747838628417
TRAJ_00003,39.0,1.7707576545109067,-76.7749501663216
TRAJ_00003,39.5,1.7488692301382995,-75.71657787108418
TRAJ_00003,40.0,1.726414911404527,-76.30768446992863
TRAJ_00003,40.5,1.7026150435233816,-78.76061952344534
TRAJ_00003,41.0,1.6770074432183237,-82.70361615605444
TRAJ_00003,41.5,1.6488919186305995,-87.65397489907826
TRAJ_00003,42.0,1.6181952174980403,-92.94441505957342
TRAJ_00003,42.5,1.5850219694232746,-98.17009752694067
TRAJ_00003,43.0,1.5494342816888023,-103.21525869501652
TRAJ_00003,43.5,1.511691130010895,-108.15939880898127
TRAJ_00003,44.0,1.4720665407369662,-113.13810316976932
TRAJ_00003,44.5,1.4307918393526802,-118.27935613086346
TRAJ_00003,45.0,1.3881545007034186,-123.68449982411761
TRAJ_00003,45.5,1.3445658947187766,-129.41123814573672
TRAJ_00003,46.0,1.3006285303631009,-135.458278251264
TRAJ_00003,46.5,1.2572194477041274,-141.75555680693736
TRAJ_00003,47.0,1.21564250583119,-148.1655920068768
TRAJ_00003,47.5,1.1764678883215751,-154.39935439837464
TRAJ_00003,48.0,1.141253413511992,-160.30179862196894
TRAJ_00003,48.5,1.1117982231095114,-165.76440424916518
TRAJ_00003,49.0,1.0899730686385354,-170.74202804950627
TRAJ_00003,49.5,1.0774286657646226,-175.25431919106478
TRAJ_00003,50.0,1.0752493644215284,-179.3748422305308
TRAJ_00003,50.5,1.0836887469767358,176.78696833476218
TRAJ_00003,51.0,1.1023429601038692,173.1176741053133
TRAJ_00003,51.5,1.1295715172388474,169.44639071361445
TRAJ_00003,52.0,1.1634014674960642,165.668211789314
TRAJ_00003,52.5,1.2018197667030102,161.75188095235063
TRAJ_00003,53.0,1.2430352796217352,157.80315454270277
TRAJ_00003,53.5,1.2855532558782645,154.07171292099508
TRAJ_00003,54.0,1.3281289521327506,150.82243577402988
TRAJ_00003,54.5,1.3697700439629734,148.17662862048513
TRAJ_00003,55.0,1.4098000282826118,146.09757618403222
TRAJ_00003,55.5,1.4478656096819549,144.47724181036102
TRAJ_00003,56.0,1.4838743353739163,143.20490225284297
TRAJ_00003,56.5,1.5179099490690315,142.19147261578175
TRAJ_00003,57.0,1.5501567685250264,141.37091560675896
TRAJ_00003,57.5,1.5808437274377232,140.69557598773187
TRAJ_00003,58.0,1.6102051451030155,140.13171245541315
TRAJ_00003,58.5,1.6384475665222284,139.65606874899356
TRAJ_00003,59.0,1.6657199082739682,139.252379161578
TRAJ_00003,59.5,1.6920963299417322,138.90750686695424
TRAJ_00003,60.0,1.7175826448370146,138.60855838851464
TRAJ_00003,60.5,1.7421475781507727,138.34335870054122
TRAJ_00003,61.0,1.765758502802472,138.10559725711585
TRAJ_00003,61.5,1.788398066304031,137.903823632597
TRAJ_00003,62.0,1.8100567603540054,137.77311067259225
TRAJ_00003,62.5,1.830717205182445,137.79006417388098
TRAJ_00003,63.0,1.850338301370234,138.09179456898
TRAJ_00003,63.5,1.8688304307778296,138.89037142465122
TRAJ_00003,64.0,1.8860194732305755,140.45224210647913
TRAJ_00003,64.5,1.901647892039646,142.9939888373504
TRAJ_00003,65.0,1.9154997636518833,146.50304990024185
TRAJ_00003,65.5,1.9275965231777608,150.65789371316484
TRAJ_00003,66.0,1.9381892164587036,155.0107204222441
TRAJ_00003,66.5,1.9476667702147208,159.25707575862342
TRAJ_00003,67.0,1.9564272788672565,163.2857777969199
TRAJ_00003,67.5,1.9646386140562018,167.09103349925346
TRAJ_00003,68.0,1.9727619045989495,170.70651628122303
TRAJ_00003,68.5,1.9800773199311315,174.1738611292352
TRAJ_00003,69.0,1.986286231424383,177.52111638043743
TRAJ_00003,69.5,1.9910528149119606,-179.2421652825802
TRAJ_00003,70.0,1.9940626312647252,-176.1228109101714
TRAJ_00003,70.5,1.9950716819305956,-173.13341947638514
TRAJ_00003,71.0,1.9939156497771098,-170.27591353059435
TRAJ_00003,71.5,1.990435431937535,-167.5232704932599
TRAJ_00003,72.0,1.9841011837316798,-164.785321561666
TRAJ_00003,72.5,1.9752053811837154,-162.16595274571867
TRAJ_00003,73.0,1.9638781352176673,-159.5900038682588
TRAJ_00003,73.5,1.950205361085244,-156.97714425094418
TRAJ_00003,74.0,1.9341405528669773,-154.25234037220355
TRAJ_00003,74.5,1.9153701961295748,-151.36922957270514
TRAJ_00003,75.0,1.8932715110232057,-148.35518149617047
TRAJ_00003,75.5,1.8671334527471977,-145.35250155333927
TRAJ_00003,76.0,1.8365866242572282,-142.57223245775256
TRAJ_00003,76.5,1.8017544672635029,-140.15892020144042
TRAJ_00003,77.0,1.7627654329292528,-137.92885115486115
TRAJ_00003,77.5,1.7207471561361345,-136.07158228024383
TRAJ_00003,78.0,1.6758208845613256,-134.5470148360014
TRAJ_00003,78.5,1.628019588931246,-133.3350618365692
TRAJ_00003,79.0,1.5773604471377345,-132.44181281110278
TRAJ_00003,79.5,1.5239132544151257,-131.89493806684123
TRAJ_00003,80.0,1.4678739249922972,-131.73225605966263
TRAJ_00003,80.5,1.4096469188355423,-131.98301285220964
TRAJ_00003,81.0,1.3499684756307695,-132.6615475721043
TRAJ_00003,81.5,1.289910281083378,-133.7564143748652
TRAJ_00003,82.0,1.2309501792781024,-135.23183239660028
TRAJ_00003,82.5,1.175061703010067,-137.0705105790874
TRAJ_00003,83.0,1.124652866705606,-139.2675725452006
TRAJ_00003,83.5,1.0824889426680444,-141.84841752873334
TRAJ_00003,84.0,1.05141215230854,-144.887153585688
TRAJ_00003,84.5,1.0338372380692609,-148.53756670817089
TRAJ_00003,85.0,1.030977071653736,-152.9945077650707
TRAJ_00003,85.5,1.042233677334334,-158.35236364526736
TRAJ_00003,86.0,1.065585783734095,-164.4063298259224
TRAJ_00003,86.5,1.0984680940848899,-170.5829447995026
TRAJ_00003,87.0,1.1383867344267287,-176.40488628722414
TRAJ_00003,87.5,1.1829121037529051,178.2637949946273
TRAJ_00003,88.0,1.2299141613298923,173.37182588140658
TRAJ_00003,88.5,1.2778092146499398,168.8352653312019
TRAJ_00003,89.0,1.325561184513014,164.59344681810478
TRAJ_00003,89.5,1.3725379027561027,160.61851406968023
TRAJ_00003,90.0,1.4183597677354483,156.91089118683024
TRAJ_00003,90.5,1.4627968289401072,153.48892125320708
TRAJ_00003,91.0,1.505714276961526,150.37455239246742
TRAJ_00003,91.5,1.5470451021254548,147.57886063729947
TRAJ_00003,92.0,1.5867717163821493,145.0928902236983
TRAJ_00003,92.5,1.6249058372055505,142.88674853356576
TRAJ_00003,93.0,1.6614644563879495,140.91479583064122
TRAJ_00003,93.5,1.6964446531393884,139.12247326069289
TRAJ_00003,94.0,1.7298184228892652,137.45209007453096
TRAJ_00003,94.5,1.7615785322609172,135.84309111246682
TRAJ_00003,95.0,1.791706040261263,134.2253948936794
TRAJ_00003,95.5,1.8201211811357214,132.51363160667404
TRAJ_00003,96.0,1.8466665788684045,130.59913915429172
TRAJ_00003,96.5,1.8710633712295757,128.3487354215852
TRAJ_00003,97.0,1.8932774891134918,125.55406040573843
TRAJ_00003,97.5,1.9120287853206064,122.37012082667688
TRAJ_00003,98.0,1.9266686048521462,119.17904461092789
TRAJ_00003,98.5,1.9374515494585858,116.40847213988458
TRAJ_00003,99.0,1.9452436910146544,114.2021980098045
TRAJ_00003,99.5,1.9507755292951081,112.50422253305256
TRAJ_00003,100.0,1.954042301702009,111.28267513861167
TRAJ_00004,0.0,1.2934123388452516,17.406316844160862
TRAJ_00004,0.5,1.29453134357543,15.529416204878293
TRAJ_00004,1.0,1.3006662191867995,13.572915171525151
TRAJ_00004,1.5,1.3104503213366188,11.620634794422235
TRAJ_00004,2.0,1.3251183725595592,9.186207672104603
TRAJ_00004,2.5,1.3405602279270064,6.995752816022269
TRAJ_00004,3.0,1.3590165881752452,4.842867214930637
TRAJ_00004,3.5,1.3782138823070087,2.5633825495774443
TRAJ_00004,4.0,1.3992701520215365,0.11681213028780768
TRAJ_00004,4.5,1.4217473397211235,-2.531766381661282
TRAJ_00004,5.0,1.4453657536096054,-5.384855229473147
TRAJ_00004,5.5,1.469982030944405,-8.422277020708849
TRAJ_00004,6.0,1.495533349283819,-11.610102049455854
TRAJ_00004,6.5,1.5219859279340762,-14.909457960262568
TRAJ_00004,7.0,1.5498839632156698,-18.161853062069536
TRAJ_00004,7.5,1.5785893936890676,-21.46008460329516
TRAJ_00004,8.0,1.6080143585481028,-24.787619253140935
TRAJ_00004,8.5,1.6380312579202931,-28.139539637331204
TRAJ_00004,9.0,1.668449862804432,-31.525776070978946
TRAJ_00004,9.5,1.6989510869800863,-34.98305843367551
TRAJ_00004,10.0,1.7295989237155427,-38.42257373855156
TRAJ_00004,10.5,1.7601872243202856,-41.833706996933266
TRAJ_00004,11.0,1.790462382809115,-45.20610997041756
TRAJ_00004,11.5,1.8201138355770927,-48.530585527704915
TRAJ_00004,12.0,1.8487590374130818,-51.801120866201046
TRAJ_00004,12.5,1.8758845750514364,-55.01773754975811
TRAJ_00004,13.0,1.9005717756871403,-58.18914045481389
TRAJ_00004,13.5,1.9221206595886982,-61.349917780043214
TRAJ_00004,14.0,1.9406204369201472,-64.55461031200264
TRAJ_00004,14.5,1.9562841976004017,-67.82067908677651
TRAJ_00004,15.0,1.9693852746101235,-71.10960931564428
TRAJ_00004,15.5,1.980222796564601,-74.33243142874862
TRAJ_00004,16.0,1.9890885900760427,-77.3685469641693
TRAJ_00004,16.5,1.9962483117323937,-80.08671831996084
TRAJ_00004,17.0,2.0019370520158195,-82.36264491664052
TRAJ_00004,17.5,2.0063735292003804,-84.09702825236576
TRAJ_00004,18.0,2.0106855532799486,-85.19467708498779
TRAJ_00004,18.5,2.0140545109711203,-85.67386950814691
TRAJ_00004,19.0,2.016569419723167,-85.58567697417737
TRAJ_00004,19.5,2.0182509908529376,-85.04147107375441
TRAJ_00004,20.0,2.019046667271803,-84.18991482012426
TRAJ_00004,20.5,2.0188497837212003,-83.18452417531847
TRAJ_00004,21.0,2.01854738189323,-82.25979003508263
TRAJ_00004,21.5,2.0173867476502756,-81.41665390338727
TRAJ_00004,22.0,2.0146118867790213,-80.65467936299527
TRAJ_00004,22.5,2.00949938730718,-79.98357368257211
TRAJ_00004,23.0,2.0018724000966466,-79.39159896038034
TRAJ_00004,23.5,1.9915922000590156,-78.84113250611335
TRAJ_00004,24.0,1.9785692683416274,-78.28225822115516
TRAJ_00004,24.5,1.96279008372402,-77.65852249743754
TRAJ_00004,25.0,1.9443629415147714,-76.90533828004482
TRAJ_00004,25.5,1.9234124863676085,-75.9213851752896
TRAJ_00004,26.0,1.89989195282049,-74.65659852100032
TRAJ_00004,26.5,1.8740465591038602,-73.11927629408419
TRAJ_00004,27.0,1.8455146182712752,-71.41776817260632
TRAJ_00004,27.5,1.8154605780185153,-69.5146162198455
TRAJ_00004,28.0,1.7843495117586397,-67.42781630917659
TRAJ_00004,28.5,1.7524896185523096,-65.20874261002362
TRAJ_00004,29.0,1.7200244828707034,-62.925461414529664
TRAJ_00004,29.5,1.6867776684218985,-60.583176394241164
TRAJ_00004,30.0,1.6530767441977636,-58.41179278983996
TRAJ_00004,30.5,1.6193858263066563,-56.141683962728486
TRAJ_00004,31.0,1.5850120850426979,-54.36131677108166
TRAJ_00004,31.5,1.549791518819607,-53.343036911066896
TRAJ_00004,32.0,1.5135925230258127,-53.5411167055353
TRAJ_00004,32.5,1.4763393134475398,-55.85957652333726
TRAJ_00004,33.0,1.4380263024166016,-62.62543552708496
TRAJ_00004,33.5,1.3987449668435892,-81.96061227095686
TRAJ_00004,34.0,1.358731919552219,-133.76173742960205
TRAJ_00004,34.5,1.3184253300147717,-176.0772056139488
TRAJ_00004,35.0,1.2785190315074315,168.68758431401008
TRAJ_00004,35.5,1.2399982792832847,161.86851592809626
TRAJ_00004,36.0,1.204127089540834,157.94337217683378
TRAJ_00004,36.5,1.1723852981173857,155.25430445351813
TRAJ_00004,37.0,1.1463644593638602,153.1694778988269
TRAJ_00004,37.5,1.1274661239546275,151.37978244652325
TRAJ_00004,38.0,1.1167496370038326,149.7349940140686
TRAJ_00004,38.5,1.1147828530783883,148.16475522127286
TRAJ_00004,39.0,1.1215021884910987,146.64464493871577
TRAJ_00004,39.5,1.136229573480096,145.1805758843775
TRAJ_00004,40.0,1.1578077034989103,143.79590462836856
TRAJ_00004,40.5,1.1847945416555814,142.52146725282938
TRAJ_00004,41.0,1.2155987285622167,141.39367656211417
TRAJ_00004,41.5,1.2487832497050733,140.46229552160725
TRAJ_00004,42.0,1.2834186567405306,139.79391959262188
TRAJ_00004,42.5,1.3186981059753513,139.4156797150469
TRAJ_00004,43.0,1.3541116814400165,139.345705838191
TRAJ_00004,43.5,1.3892598608352518,139.63843675024557
TRAJ_00004,44.0,1.4236906102501672,140.3675914166805
TRAJ_00004,44.5,1.4568909556413394,141.60914584737705
TRAJ_00004,45.0,1.488366541224963,143.42286622982832
TRAJ_00004,45.5,1.517769166491367,145.83615807690512
TRAJ_00004,46.0,1.54499615390918,148.84312212822033
TRAJ_00004,46.5,1.570180021767478,152.42155457664273
TRAJ_00004,47.0,1.593580294906862,156.5457955598776
TRAJ_00004,47.5,1.615464701306706,161.16857647042985
TRAJ_00004,48.0,1.6360230669637497,166.1788920672346
TRAJ_00004,48.5,1.655301208071027,171.38328733236355
TRAJ_00004,49.0,1.6731683361676564,176.54545026784345
TRAJ_00004,49.5,1.689354026958952,-178.53959974223886
TRAJ_00004,50.0,1.703560394951616,-173.99613456221502
TRAJ_00004,50.5,1.7156225071969924,-169.86439618571728
TRAJ_00004,51.0,1.7254814362426603,-166.11794972096428
TRAJ_00004,51.5,1.7330680423901559,-162.71729302744495
TRAJ_00004,52.0,1.738371833721735,-159.62639766069037
TRAJ_00004,52.5,1.7414641007475709,-156.81005516343834
TRAJ_00004,53.0,1.742489267183689,-154.23201292043512
TRAJ_00004,53.5,1.7416500090559885,-151.85183807596928
TRAJ_00004,54.0,1.739177126418241,-149.61891796942768
TRAJ_00004,54.5,1.735264315706734,-147.4692456245846
TRAJ_00004,55.0,1.7299936576802255,-145.335962311932
TRAJ_00004,55.5,1.723305074194406,-143.1792711005617
TRAJ_00004,56.0,1.7150887762903402,-141.0007931702934
TRAJ_00004,56.5,1.7058493751992188,-138.79045244485067
TRAJ_00004,57.0,1.6954036824858785,-136.60184041068703
TRAJ_00004,57.5,1.6842337480465241,-134.40940413631276
TRAJ_00004,58.0,1.6728767096119408,-132.13038665384312
TRAJ_00004,58.5,1.6618265872120492,-129.61450514216534
TRAJ_00004,59.0,1.6514669390043148,-126.62631995587641
TRAJ_00004,59.5,1.6420022109789962,-122.82267945284848
TRAJ_00004,60.0,1.6334055371919005,-117.72993771216913
TRAJ_00004,60.5,1.6254000261032315,-110.73984832417702
TRAJ_00004,61.0,1.6174608536136164,-101.22234034997935
TRAJ_00004,61.5,1.609347630007964,-89.08046059148853
TRAJ_00004,62.0,1.5998399150313272,-74.99872706920574
TRAJ_00004,62.5,1.5883889144408976,-60.80414596911463
TRAJ_00004,63.0,1.5746859194731617,-48.116902456781055
TRAJ_00004,63.5,1.5585716484482162,-37.421612392306926
TRAJ_00004,64.0,1.539937086557986,-28.37252854087646
TRAJ_00004,64.5,1.5187073160632614,-20.381060457689962
TRAJ_00004,65.0,1.4948602238135522,-12.904292776773476
TRAJ_00004,65.5,1.4684023674002704,-5.538837309843367
TRAJ_00004,66.0,1.4393219091042955,1.9172659439205384
TRAJ_00004,66.5,1.4076271121164459,9.399761736052632
TRAJ_00004,67.0,1.3735350630744663,16.598475187853737
TRAJ_00004,67.5,1.3376918306231764,23.141612397548485
TRAJ_00004,68.0,1.3012059000866123,28.81230455015376
TRAJ_00004,68.5,1.2654914004604125,33.600613878683916
TRAJ_00004,69.0,1.2321633482955974,37.62366235903923
TRAJ_00004,69.5,1.202903577866518,41.05050045972652
TRAJ_00004,70.0,1.1789834010276163,44.04557497306839
TRAJ_00004,70.5,1.1610961097130357,46.73108106493768
TRAJ_00004,71.0,1.1496294668685934,49.20271771547701
TRAJ_00004,71.5,1.1447210820362355,51.54278779927579
TRAJ_00004,72.0,1.1462582441191478,53.814651171177665
TRAJ_00004,72.5,1.1539336146307768,56.04116495263333
TRAJ_00004,73.0,1.167307707500557,58.17757519323218
TRAJ_00004,73.5,1.1857748162940909,60.119778976564
TRAJ_00004,74.0,1.2084668642757852,61.76904024827102
TRAJ_00004,74.5,1.2343284138113018,63.08441133963302
TRAJ_00004,75.0,1.262350220112089,64.06712042450054
TRAJ_00004,75.5,1.2917710525383543,64.69129456345424
TRAJ_00004,76.0,1.3219336902439953,64.8238350504261
TRAJ_00004,76.5,1.351833039081678,64.53919441391169
TRAJ_00004,77.0,1.3808580080999022,63.93773430250175
TRAJ_00004,77.5,1.412237895684515,63.81730431659877
TRAJ_00004,78.0,1.4419253785833772,63.64065450629492
TRAJ_00004,78.5,1.4696723865778405,63.5038046562192
TRAJ_00004,79.0,1.495427977061018,63.4626574505083
TRAJ_00004,79.5,1.5192044431645029,63.53871923432723
TRAJ_00004,80.0,1.5410032999430479,63.73717835020994
TRAJ_00004,80.5,1.560705464179762,64.04855472077477
TRAJ_00004,81.0,1.5782666372254157,64.47420947384808
TRAJ_00004,81.5,1.5935520949312283,65.01596186775144
TRAJ_00004,82.0,1.606342997872424,65.6797640699412
TRAJ_00004,82.5,1.6163290791972398,66.47628932240927
TRAJ_00004,83.0,1.6231543526467092,67.42111167052894
TRAJ_00004,83.5,1.6265618346930948,68.53463520600386
TRAJ_00004,84.0,1.626609863963378,69.84287573152187
TRAJ_00004,84.5,1.6236922003183822,71.37838332832507
TRAJ_00004,85.0,1.6183363679290004,73.18317424297729
TRAJ_00004,85.5,1.611027790565566,75.31252173348174
TRAJ_00004,86.0,1.6020946765446886,77.83643514996848
TRAJ_00004,86.5,1.591681400089615,80.83775129054288
TRAJ_00004,87.0,1.5797473059274185,84.40290963678481
TRAJ_00004,87.5,1.5660614863236275,88.5994819499674
TRAJ_00004,88.0,1.5502708280120063,93.43707539131859
TRAJ_00004,88.5,1.5320857912146197,98.83135023017977
TRAJ_00004,89.0,1.5115332547027152,104.61036198410618
TRAJ_00004,89.5,1.4890624323479371,110.55750716354287
TRAJ_00004,90.0,1.4653604575574342,116.42715046041853
TRAJ_00004,90.5,1.441039247500605,121.93841026284173
TRAJ_00004,91.0,1.4164480182657002,126.82429538129593
TRAJ_00004,91.5,1.3916942868700575,130.92044048258074
TRAJ_00004,92.0,1.3667747290563252,134.20151735758148
TRAJ_00004,92.5,1.341706301804811,136.7908238420183
TRAJ_00004,93.0,1.3167026495188103,138.81792490647481
TRAJ_00004,93.5,1.2921140720981856,140.42304103381767
TRAJ_00004,94.0,1.2684897781159137,141.7281767342285
TRAJ_00004,94.5,1.2470742055984674,142.80563332599817
TRAJ_00004,95.0,1.2276230607163452,143.71451986729986
TRAJ_00004,95.5,1.210763849090995,144.53671825131178
TRAJ_00004,96.0,1.1969575409325404,145.35129562450862
TRAJ_00004,96.5,1.1863904996809915,146.25051610853208
TRAJ_00004,97.0,1.1790862089408578,147.34428885783223
TRAJ_00004,97.5,1.1750774370730441,148.74442899199616
TRAJ_00004,98.0,1.1743728035071455,150.54975177601136
TRAJ_00004,98.5,1.176844547068834,152.8388345171063
TRAJ_00004,99.0,1.1822163030062751,155.65984520151798
TRAJ_00004,99.5,1.19014953426706,159.01489282446292
TRAJ_00004,100.0,1.2003263912208084,162.85371158813166
TRAJ_00006,0.0,1.2682307213259139,-12.998575378621979
TRAJ_00006,0.5,1.270279902788861,-12.197511353379515
TRAJ_00006,1.0,1.2780434305790123,-11.311519758644131
TRAJ_00006,1.5,1.2911173266395082,-10.375427692545472
TRAJ_00006,2.0,1.3088270418630628,-9.437889394681761
TRAJ_00006,2.5,1.3304579121494358,-8.602143145337376
TRAJ_00006,3.0,1.353616584444845,-8.207397224180593
TRAJ_00006,3.5,1.3807259047640255,-7.722897851628004
TRAJ_00006,4.0,1.4097387519123616,-7.123275929578034
TRAJ_00006,4.5,1.4402200848985298,-6.485247923327977
TRAJ_00006,5.0,1.4719118998309635,-5.768385442513004
TRAJ_00006,5.5,1.5045466341385316,-4.966904826764861
TRAJ_00006,6.0,1.5379168758767001,-4.067906955536354
TRAJ_00006,6.5,1.5718447412606555,-3.0545199009851247
TRAJ_00006,7.0,1.6061567112990043,-1.907754451655712
TRAJ_00006,7.5,1.6406725289981647,-0.6084580806069367
TRAJ_00006,8.0,1.6752080138426135,0.8595365203205361
TRAJ_00006,8.5,1.7095892818038032,2.5043031034074406
TRAJ_00006,9.0,1.7436703519116594,4.319131892320689
TRAJ_00006,9.5,1.7773419379803224,6.276051677722367
TRAJ_00006,10.0,1.810528019196841,8.322435050994558
TRAJ_00006,10.5,1.8431768001108895,10.384871772114845
TRAJ_00006,11.0,1.875253818152271,12.38308682511867
TRAJ_00006,11.5,1.9067318988222153,14.250600011429785
TRAJ_00006,12.0,1.9375804409637556,15.951535947568104
TRAJ_00006,12.5,1.967769693401907,17.48543502318331
TRAJ_00006,13.0,1.9972971566467912,18.88083435161851
TRAJ_00006,13.5,2.02621817816734,20.184266062183234
TRAJ_00006,14.0,2.0546546985502094,21.450144892859228
TRAJ_00006,14.5,2.0827813561719517,22.733010302801084
TRAJ_00006,15.0,2.110831855013677,24.07683303818417
TRAJ_00006,15.5,2.1405822528717042,25.141322682968354
TRAJ_00006,16.0,2.170067119854862,26.531572408396098
TRAJ_00006,16.5,2.1993513988369595,28.268485902527594
TRAJ_00006,17.0,2.2284698782060195,30.361687470292544
TRAJ_00006,17.5,2.257431196819783,32.80181649947048
TRAJ_00006,18.0,2.286218291571965,35.55557430766507
TRAJ_00006,18.5,2.314794062829994,38.58155647119887
TRAJ_00006,19.0,2.343112963811427,41.85136261416994
TRAJ_00006,19.5,2.3711233560775353,45.34441642695191
TRAJ_00006,20.0,2.398762048391734,49.03509710217016
TRAJ_00006,20.5,2.425131230811951,52.75437445879036
TRAJ_00006,21.0,2.4509554275653542,56.56405199301328
TRAJ_00006,21.5,2.4761323584785493,60.393267710748916
TRAJ_00006,22.0,2.5005332490470487,64.15387881219443
TRAJ_00006,22.5,2.523995071132456,67.74016139354796
TRAJ_00006,23.0,2.5464629188556462,71.06836800117078
TRAJ_00006,23.5,2.567883631542124,74.07523271707558
TRAJ_00006,24.0,2.5882078546762743,76.7258929573697
TRAJ_00006,24.5,2.6074002780296976,79.0140975099059
TRAJ_00006,25.0,2.625447724827783,80.9570833176523
TRAJ_00006,25.5,2.6423594772396735,82.58892512783284
TRAJ_00006,26.0,2.6581612125736482,83.95514892382838
TRAJ_00006,26.5,2.6728864955638976,85.10950508138795
TRAJ_00006,27.0,2.68656901530905,86.11204946338147
TRAJ_00006,27.5,2.699236193391659,87.02710853239589
TRAJ_00006,28.0,2.710903811280538,87.91921270474481
TRAJ_00006,28.5,2.72225890619553,88.98257885422596
TRAJ_00006,29.0,2.7326176878119384,90.15450491349071
TRAJ_00006,29.5,2.7419855551452677,91.4851364116477
TRAJ_00006,30.0,2.750429244234125,93.02201358403596
TRAJ_00006,30.5,2.758506197958432,94.82212005035215
TRAJ_00006,31.0,2.766254821988431,97.01328895602077
TRAJ_00006,31.5,2.7735050158035937,99.60831061692473
TRAJ_00006,32.0,2.780169563194753,102.53314034989658
TRAJ_00006,32.5,2.786304806854065,105.73615134691094
TRAJ_00006,33.0,2.791980593520886,109.16467377513347
TRAJ_00006,33.5,2.797298583557016,112.746594473849
TRAJ_00006,34.0,2.8023893074235984,116.4070131032805
TRAJ_00006,34.5,2.8073839164043117,120.08051157300633
TRAJ_00006,35.0,2.812390796398303,123.71647243848997
TRAJ_00006,35.5,2.817487282279627,127.28026815977685
TRAJ_00006,36.0,2.8227251075260953,130.75271461519748
TRAJ_00006,36.5,2.8281396726179606,134.1289201080392
TRAJ_00006,37.0,2.833754705597919,137.41701675524695
TRAJ_00006,37.5,2.8395785448638438,140.63712748177034
TRAJ_00006,38.0,2.8455701942402882,143.82245687474014
TRAJ_00006,38.5,2.8518003227582116,147.0010502530864
TRAJ_00006,39.0,2.8582172634918037,150.2167458690068
TRAJ_00006,39.5,2.864733204010886,153.51864273273281
TRAJ_00006,40.0,2.8712378708237627,156.95123088187165
TRAJ_00006,40.5,2.877615859695427,160.53941589687736
TRAJ_00006,41.0,2.88377255895483,164.26813023535118
TRAJ_00006,41.5,2.8896661234439764,168.06601064423117
TRAJ_00006,42.0,2.8953355074867844,171.80957213581726
TRAJ_00006,42.5,2.9009047130208603,175.35474311129846
TRAJ_00006,43.0,2.906540845975332,178.5795864998414
TRAJ_00006,43.5,2.9124140724334504,-178.58507862322347
TRAJ_00006,44.0,2.9186029921044945,-176.05609227349103
TRAJ_00006,44.5,2.925141509649407,-173.88014059702002
TRAJ_00006,45.0,2.9319430004367844,-172.02509115160845
TRAJ_00006,45.5,2.9388781126511305,-170.44460556718695
TRAJ_00006,46.0,2.945801346244994,-169.09520327947772
TRAJ_00006,46.5,2.9525841679167146,-167.93957455839575
TRAJ_00006,47.0,2.959129390962277,-166.9465823433968
TRAJ_00006,47.5,2.9653710720299093,-166.09020344954862
TRAJ_00006,48.0,2.971267422225725,-165.3484599634418
TRAJ_00006,48.5,2.976792575547463,-164.70291200670252
TRAJ_00006,49.0,2.9819296417133545,-164.13879451851741
TRAJ_00006,49.5,2.986666345196011,-163.64593108872174
TRAJ_00006,50.0,2.9909937541390854,-163.22028950468717
TRAJ_00006,50.5,2.9949083203058953,-162.86597877424856
TRAJ_00006,51.0,2.998414745795592,-162.5978188223865
TRAJ_00006,51.5,3.0015194495244306,-162.44412623643703
TRAJ_00006,52.0,3.0041965139704323,-162.44807624828886
TRAJ_00006,52.5,3.0063309860471907,-162.6642525397373
TRAJ_00006,53.0,3.007699298793154,-163.1494294514159
TRAJ_00006,53.5,3.0080350811052483,-163.95085505126042
TRAJ_00006,54.0,3.0071362559422607,-165.09581209964173
TRAJ_00006,54.5,3.0049367666144544,-166.58751970081636
TRAJ_00006,55.0,3.0015179444320164,-168.41005829246677
TRAJ_00006,55.5,2.9970802846970512,-170.537928101687
TRAJ_00006,56.0,2.991901173353226,-172.9429091399999
TRAJ_00006,56.5,2.9862901003919307,-175.59566438185263
TRAJ_00006,57.0,2.980548635684911,-178.4644338739801
TRAJ_00006,57.5,2.97494318867429,178.48711568902425
TRAJ_00006,58.0,2.9696213031161016,175.3230536760806
TRAJ_00006,58.5,2.964829004809187,172.0605424924628
TRAJ_00006,59.0,2.960694919940582,168.75296280198964
TRAJ_00006,59.5,2.9573061974049346,165.4587736429949
TRAJ_00006,60.0,2.95470805479103,162.24226685211315
TRAJ_00006,60.5,2.9528976400914524,159.17692523567302
TRAJ_00006,61.0,2.9518134229615374,156.35103865784177
TRAJ_00006,61.5,2.9513250245269913,153.87339449269444
TRAJ_00006,62.0,2.951231802715303,151.87520253393976
TRAJ_00006,62.5,2.951277526580531,150.5026081982501
TRAJ_00006,63.0,2.9511858660653245,149.88253746249893
TRAJ_00006,63.5,2.9509687956089006,150.07977219641498
TRAJ_00006,64.0,2.9501852273702873,151.12802733559724
TRAJ_00006,64.5,2.948737383852917,152.93257889667223
TRAJ_00006,65.0,2.946638429268844,155.33810878280224
TRAJ_00006,65.5,2.9439951326646097,158.18036347741403
TRAJ_00006,66.0,2.9409690223345604,161.32525457229298
TRAJ_00006,66.5,2.9377281338617878,164.68253286019024
TRAJ_00006,67.0,2.9344080389764393,168.2016505230091
TRAJ_00006,67.5,2.931198843796851,171.83196202848086
TRAJ_00006,68.0,2.928141561111678,175.55694210714006
TRAJ_00006,68.5,2.92524153290383,179.37032305986128
TRAJ_00006,69.0,2.922471703006481,-176.7283887083335
TRAJ_00006,69.5,2.9197704159727227,-172.73789821253706
TRAJ_00006,70.0,2.9170357997294665,-168.65834545588132
TRAJ_00006,70.5,2.9141204251629573,-164.4925592447187
TRAJ_00006,71.0,2.910831954596486,-160.2433415807994
TRAJ_00006,71.5,2.9069465882350687,-155.90673947133584
TRAJ_00006,72.0,2.902283786691607,-151.48470246281678
TRAJ_00006,72.5,2.896681922931177,-146.9590279918547
TRAJ_00006,73.0,2.890037330703054,-142.32258298647966
TRAJ_00006,73.5,2.882314335490946,-137.60314310603025
TRAJ_00006,74.0,2.873548930727738,-132.8719351494505
TRAJ_00006,74.5,2.863851466752197,-128.2243316428785
TRAJ_00006,75.0,2.853402958179683,-123.7388083821935
TRAJ_00006,75.5,2.8424363782569015,-119.44942019256166
TRAJ_00006,76.0,2.831176521478914,-115.34383680213497
TRAJ_00006,76.5,2.8197693425655785,-111.37418908532972
TRAJ_00006,77.0,2.80824879200152,-107.47364859110239
TRAJ_00006,77.5,2.7965584591122505,-103.57208161814009
TRAJ_00006,78.0,2.7846016779694844,-99.60629892100533
TRAJ_00006,78.5,2.772282497015061,-95.52418628048466
TRAJ_00006,79.0,2.7595232777061556,-91.28473283066553
TRAJ_00006,79.5,2.74626596456544,-86.85698144404454
TRAJ_00006,80.0,2.7325165038567047,-82.24338743313044
TRAJ_00006,80.5,2.7182636126231627,-77.42998949515702
TRAJ_00006,81.0,2.7035231500884653,-72.41601305235149
TRAJ_00006,81.5,2.6883338271333037,-67.21646576062018
TRAJ_00006,82.0,2.6727338079976315,-61.8608531203417
TRAJ_00006,82.5,2.6568128363199643,-56.416364002232704
TRAJ_00006,83.0,2.6406371043618337,-50.966575625190764
TRAJ_00006,83.5,2.624292353745339,-45.617824384404955
TRAJ_00006,84.0,2.60790511018638,-40.484600689533714
TRAJ_00006,84.5,2.5916701480031126,-35.671814905778646
TRAJ_00006,85.0,2.5759020034613678,-31.27561195986125
TRAJ_00006,85.5,2.5618902130321444,-27.64207917755452
TRAJ_00006,86.0,2.5489735284687978,-24.514587032211498
TRAJ_00006,86.5,2.536904246177695,-21.789636303198208
TRAJ_00006,87.0,2.525458035858934,-19.3833109357455
TRAJ_00006,87.5,2.51434941757018,-17.234603861549868
TRAJ_00006,88.0,2.50328814641652,-15.290883649636177
TRAJ_00006,88.5,2.4919558971626654,-13.500100124531814
TRAJ_00006,89.0,2.48005111351236,-11.813408754683092
TRAJ_00006,89.5,2.4673143087451224,-10.188316054696958
TRAJ_00006,90.0,2.4535302259001033,-8.587737002279093
TRAJ_00006,90.5,2.4385337978821293,-6.9748873051899505
TRAJ_00006,91.0,2.4222260239519953,-5.309082147832198
TRAJ_00006,91.5,2.4045839408287715,-3.543793299263801
TRAJ_00006,92.0,2.385655806100871,-1.6255348531509954
TRAJ_00006,92.5,2.365483082394566,0.5082131388814614
TRAJ_00006,93.0,2.3442310717809907,2.9317046854616065
TRAJ_00006,93.5,2.3221319705038854,5.730677587516803
TRAJ_00006,94.0,2.299465631879275,8.99407014338855
TRAJ_00006,94.5,2.2764625701556587,12.805464543262458
TRAJ_00006,95.0,2.2531234657127057,17.230713664392848
TRAJ_00006,95.5,2.22922206858613,21.995546083811913
TRAJ_00006,96.0,2.2123814463670683,26.312864323672724
TRAJ_00006,96.5,2.1954118267708704,31.05809731118566
TRAJ_00006,97.0,2.178031447125931,36.15918501299726
TRAJ_00006,97.5,2.1601686467267243,41.36897572747817
TRAJ_00006,98.0,2.1417644132480604,46.768129387482816
TRAJ_00006,98.5,2.12296449055623,52.287140363574125
TRAJ_00006,99.0,2.1039671227701264,57.87037610480472
TRAJ_00006,99.5,2.0849596505574435,63.4732154553258
TRAJ_00006,100.0,2.066062028144804,69.061012742561
TRAJ_00007,0.0,1.246774251484931,-16.378164127098756
TRAJ_00007,0.5,1.2532896363439754,-15.593160662487008
TRAJ_00007,1.0,1.2652301936823929,-14.57424082862037
TRAJ_00007,1.5,1.2818600195314807,-13.341574981531343
TRAJ_00007,2.0,1.3019785735131795,-12.08449098110967
TRAJ_00007,2.5,1.3247599960656407,-10.625979328174303
TRAJ_00007,3.0,1.3493069967945082,-8.98346961702688
TRAJ_00007,3.5,1.3749280866431608,-7.182157258065946
TRAJ_00007,4.0,1.4010913104479918,-5.240889194567906
TRAJ_00007,4.5,1.4274129427330369,-3.158439242556752
TRAJ_00007,5.0,1.45362491076583,-0.91034573691905
TRAJ_00007,5.5,1.4792477292948454,1.4058105993568284
TRAJ_00007,6.0,1.5043071866455269,3.968041478571893
TRAJ_00007,6.5,1.5285541653482415,6.835688166954393
TRAJ_00007,7.0,1.551714332672644,10.06788064424542
TRAJ_00007,7.5,1.5735007841275552,13.716590777410634
TRAJ_00007,8.0,1.5936463357942614,17.812387303065673
TRAJ_00007,8.5,1.61195039771007,22.34520003112821
TRAJ_00007,9.0,1.6283202092066114,27.24961422528605
TRAJ_00007,9.5,1.6427906128634213,32.40923606815534
TRAJ_00007,10.0,1.6555361976488079,37.68856074000777
TRAJ_00007,10.5,1.6668996942674625,42.97152138941461
TRAJ_00007,11.0,1.677023188574416,48.152933802025835
TRAJ_00007,11.5,1.6859023634081587,53.194866006573854
TRAJ_00007,12.0,1.6934976034608638,58.11916270978313
TRAJ_00007,12.5,1.6997506980871717,62.982410233262556
TRAJ_00007,13.0,1.7046367517419925,67.85178532827254
TRAJ_00007,13.5,1.7082202493557788,72.78523814182216
TRAJ_00007,14.0,1.7106628852847767,77.82276630251889
TRAJ_00007,14.5,1.7121805336085196,82.99171078903359
TRAJ_00007,15.0,1.7129979629726142,88.31536303224216
TRAJ_00007,15.5,1.7133269461054677,93.81316554952757
TRAJ_00007,16.0,1.7133589917154153,99.49414699803181
TRAJ_00007,16.5,1.7132468143564294,105.3520122572033
TRAJ_00007,17.0,1.7133774932499726,111.65792524919951
TRAJ_00007,17.5,1.7140001607559379,118.12196027352955
TRAJ_00007,18.0,1.7140860468543488,124.68991514484301
TRAJ_00007,18.5,1.714872077511465,131.25777071230172
TRAJ_00007,19.0,1.7162137190582079,137.75781751534132
TRAJ_00007,19.5,1.7179165634688487,144.11595628714406
TRAJ_00007,20.0,1.7197642135781561,150.26439622574162
TRAJ_00007,20.5,1.720636433974945,156.0173009909659
TRAJ_00007,21.0,1.7212490196909909,161.4962361426051
TRAJ_00007,21.5,1.721459785452289,166.70650674172657
TRAJ_00007,22.0,1.721197225959225,171.66835508626363
TRAJ_00007,22.5,1.720490039028982,176.41137385760481
TRAJ_00007,23.0,1.7194996101097482,-179.02719657309615
TRAJ_00007,23.5,1.7185368356348112,-174.60055544691835
TRAJ_00007,24.0,1.7180133934578894,-170.25084484202227
TRAJ_00007,24.5,1.7183221765899657,-165.91075480296922
TRAJ_00007,25.0,1.719715266462961,-161.51215989148227
TRAJ_00007,25.5,1.7222061562229807,-157.00586212837442
TRAJ_00007,26.0,1.725583122099658,-152.37161800423607
TRAJ_00007,26.5,1.7295315764318189,-147.60247897064082
TRAJ_00007,27.0,1.733728748662453,-142.6848094194697
TRAJ_00007,27.5,1.737868858588331,-137.59404436976422
TRAJ_00007,28.0,1.7416645967069484,-132.30646825636273
TRAJ_00007,28.5,1.7449303931332552,-126.91845660148878
TRAJ_00007,29.0,1.7474046535596124,-121.36730737450247
TRAJ_00007,29.5,1.748993520563368,-115.71328833449985
TRAJ_00007,30.0,1.749717511945742,-110.03657286031124
TRAJ_00007,30.5,1.7497009637662437,-104.41350031814932
TRAJ_00007,31.0,1.7491389366486607,-98.89634742502939
TRAJ_00007,31.5,1.7482594308131745,-93.50535839848071
TRAJ_00007,32.0,1.7472969362671729,-88.23286033158607
TRAJ_00007,32.5,1.7464848298060012,-83.05371320438614
TRAJ_00007,33.0,1.7460643383597125,-77.93579414623586
TRAJ_00007,33.5,1.7462937938788285,-72.84398454420088
TRAJ_00007,34.0,1.7474141659024958,-67.72965214159903
TRAJ_00007,34.5,1.749416399566704,-62.47011153915206
TRAJ_00007,35.0,1.7524763022247742,-56.884025423731494
TRAJ_00007,35.5,1.756586563963786,-51.02059615132181
TRAJ_00007,36.0,1.762064625527348,-44.730187379533305
TRAJ_00007,36.5,1.7691302175727806,-37.59717651785845
TRAJ_00007,37.0,1.7778594742366287,-29.724557167881386
TRAJ_00007,37.5,1.787701818029617,-21.67860571800409
TRAJ_00007,38.0,1.7983137459632264,-13.889782495405141
TRAJ_00007,38.5,1.8093395391350264,-6.69908710263569
TRAJ_00007,39.0,1.82023644160472,-0.42538462816868877
TRAJ_00007,39.5,1.8312817516131745,4.870710809880901
TRAJ_00007,40.0,1.8424355161301185,9.188995914889924
TRAJ_00007,40.5,1.8535139893212331,12.560713349381496
TRAJ_00007,41.0,1.8642855301757628,15.029494565942372
TRAJ_00007,41.5,1.8745025214469921,16.652149733363334
TRAJ_00007,42.0,1.883934006552216,17.511676816936735
TRAJ_00007,42.5,1.8923563813108202,17.623514737175267
TRAJ_00007,43.0,1.899668794446953,17.24812599031454
TRAJ_00007,43.5,1.905797796907511,16.570186527133558
TRAJ_00007,44.0,1.910715544807401,15.78587562714357
TRAJ_00007,44.5,1.9144214788342422,15.082052218734436
TRAJ_00007,45.0,1.9169234378160611,14.615647528790785
TRAJ_00007,45.5,1.918214134469359,14.49940251317157
TRAJ_00007,46.0,1.9182401632838695,14.797623486054556
TRAJ_00007,46.5,1.9164501246173555,15.529203423349358
TRAJ_00007,47.0,1.9124666303972924,16.647906134642568
TRAJ_00007,47.5,1.9057848914221776,18.066120423976237
TRAJ_00007,48.0,1.8959832862666652,19.66116132540965
TRAJ_00007,48.5,1.8830399206479012,21.296461112601307
TRAJ_00007,49.0,1.8673759149796338,22.854907886888004
TRAJ_00007,49.5,1.849583496810144,24.261479361902726
TRAJ_00007,50.0,1.8301847605193649,25.48238727059263
TRAJ_00007,50.5,1.809561840690252,26.510432636582678
TRAJ_00007,51.0,1.7879814848577598,27.348719556716485
TRAJ_00007,51.5,1.7656390090491823,27.998629562967544
TRAJ_00007,52.0,1.7426990776215485,28.453936102178147
TRAJ_00007,52.5,1.719321570981836,28.701269462316734
TRAJ_00007,53.0,1.6956322593368731,28.724503757331362
TRAJ_00007,53.5,1.6714001450054536,28.494782318286976
TRAJ_00007,54.0,1.6475929776765077,28.158579764019077
TRAJ_00007,54.5,1.6237727119973984,27.73621798617016
TRAJ_00007,55.0,1.600121631473693,27.442281439760936
TRAJ_00007,55.5,1.5766710085517581,27.556579126230076
TRAJ_00007,56.0,1.5533009732704839,28.35686973543782
TRAJ_00007,56.5,1.529751929050745,30.046622514979195
TRAJ_00007,57.0,1.5056222878402163,32.709150722784464
TRAJ_00007,57.5,1.4801413616079637,36.25674728543624
TRAJ_00007,58.0,1.4531543685488049,40.49914278897501
TRAJ_00007,58.5,1.42438164490113,45.14020264698651
TRAJ_00007,59.0,1.3938326726564274,49.91787256828244
TRAJ_00007,59.5,1.361897888843239,54.735025284885076
TRAJ_00007,60.0,1.3291827725252694,59.59977299033798
TRAJ_00007,60.5,1.2964113050643176,64.34865614191301
TRAJ_00007,61.0,1.2662047191267238,68.45335516404275
TRAJ_00007,61.5,1.2375745897433827,72.18117823205158
TRAJ_00007,62.0,1.2112265506299795,75.6875821650893
TRAJ_00007,62.5,1.1878897422395798,79.08004852681765
TRAJ_00007,63.0,1.1683284926739586,82.44811006790782
TRAJ_00007,63.5,1.153319601496589,85.89092923056485
TRAJ_00007,64.0,1.1436663002664362,89.34099777629959
TRAJ_00007,64.5,1.1395191714314725,92.94892560238408
TRAJ_00007,65.0,1.1410643956572502,96.80501249411404
TRAJ_00007,65.5,1.148189984304975,101.01046415016383
TRAJ_00007,66.0,1.1604848233943477,105.67909372244199
TRAJ_00007,66.5,1.1772552420087643,110.92536198957826
TRAJ_00007,67.0,1.1975466390931642,116.82090336547819
TRAJ_00007,67.5,1.2202328565784533,123.34128624824474
TRAJ_00007,68.0,1.2446248405833598,130.2313458373255
TRAJ_00007,68.5,1.26964262111743,137.4320633154638
TRAJ_00007,69.0,1.2946720814419124,144.76380181905856
TRAJ_00007,69.5,1.3191457783539349,152.08224176419628
TRAJ_00007,70.0,1.3426245701595634,159.2858107323339
TRAJ_00007,70.5,1.36501690655277,166.366307550371
TRAJ_00007,71.0,1.3863844633627849,173.27606224301584
TRAJ_00007,71.5,1.4070869635503032,179.97519960885077
TRAJ_00007,72.0,1.427425461475164,-173.55285849923143
TRAJ_00007,72.5,1.4475466780321655,-167.31055542872306
TRAJ_00007,73.0,1.467465299164617,-161.2896398188369
TRAJ_00007,73.5,1.4871137348263017,-155.4731561100383
TRAJ_00007,74.0,1.506384714195265,-149.83709994895221
TRAJ_00007,74.5,1.5251426517766673,-144.35185958997099
TRAJ_00007,75.0,1.5431312879337113,-138.97917736707086
TRAJ_00007,75.5,1.5599563872263027,-133.6459239313967
TRAJ_00007,76.0,1.575534994301896,-128.32714096722347
TRAJ_00007,76.5,1.5896389310945747,-123.00862739339703
TRAJ_00007,77.0,1.6024338205863091,-117.65884854165793
TRAJ_00007,77.5,1.6140636950239977,-112.26755231540608
TRAJ_00007,78.0,1.6246278937081609,-106.84432340813022
TRAJ_00007,78.5,1.6341986228275562,-101.42169986427277
TRAJ_00007,79.0,1.642767614739012,-96.06028414627494
TRAJ_00007,79.5,1.6501694921043193,-90.85237397291175
TRAJ_00007,80.0,1.656019030173171,-85.91960190665455
TRAJ_00007,80.5,1.660166991279822,-81.37187388978758
TRAJ_00007,81.0,1.6622211754506684,-77.32762713458892
TRAJ_00007,81.5,1.6621834216931566,-73.81048607139654
TRAJ_00007,82.0,1.6604881491703294,-70.75562034233997
TRAJ_00007,82.5,1.6576733087192554,-68.09039263513978
TRAJ_00007,83.0,1.6541163740317946,-65.78663659796314
TRAJ_00007,83.5,1.6499627998661113,-63.86683810914386
TRAJ_00007,84.0,1.6451383873113499,-62.39530165732168
TRAJ_00007,84.5,1.6394039242044818,-61.47658917028247
TRAJ_00007,85.0,1.6324572826836314,-61.250446577998055
TRAJ_00007,85.5,1.624045188677493,-61.851936334320015
TRAJ_00007,86.0,1.6139930742463515,-63.40453666013243
TRAJ_00007,86.5,1.6022421131434836,-66.00517262653783
TRAJ_00007,87.0,1.5888737400891175,-69.69541790878895
TRAJ_00007,87.5,1.5741048123001107,-74.43613750220574
TRAJ_00007,88.0,1.5582675473497236,-80.09796749800064
TRAJ_00007,88.5,1.5417872734887939,-86.47503084116259
TRAJ_00007,89.0,1.525157060474923,-93.3216701275682
TRAJ_00007,89.5,1.508897520333403,-100.40299654562688
TRAJ_00007,90.0,1.4934911435231029,-107.54602784609651
TRAJ_00007,90.5,1.4792909309768671,-114.67519206215029
TRAJ_00007,91.0,1.466451189200247,-121.80493638391616
TRAJ_00007,91.5,1.4550186629506814,-128.95804494572772
TRAJ_00007,92.0,1.444600411692736,-135.90431738770195
TRAJ_00007,92.5,1.4361790674326365,-142.62678774087473
TRAJ_00007,93.0,1.4302763435948787,-148.9453661183711
TRAJ_00007,93.5,1.427328453757338,-154.70154725695565
TRAJ_00007,94.0,1.4275490737478562,-159.7840499577845
TRAJ_00007,94.5,1.4309055921821754,-164.11958902834567
TRAJ_00007,95.0,1.4371507188644503,-167.6505840595004
TRAJ_00007,95.5,1.4458749226841558,-170.31004743751396
TRAJ_00007,96.0,1.4556786966200588,-171.97132176496706
TRAJ_00007,96.5,1.4661390703501849,-172.6882035912547
TRAJ_00007,97.0,1.4766314651615682,-172.31977535144512
TRAJ_00007,97.5,1.4864331435829075,-170.7417383909458
TRAJ_00007,98.0,1.4948257733919428,-167.94664067202282
TRAJ_00007,98.5,1.5021373355782466,-163.99940553576695
TRAJ_00007,99.0,1.5081466461209798,-159.65608105534193
TRAJ_00007,99.5,1.5132090450903701,-155.34460290831242
TRAJ_00007,100.0,1.517177098200794,-151.45299162328303
TRAJ_00008,0.0,1.28195486063963,29.201909206903643
TRAJ_00008,0.5,1.2893436486960608,28.866880566229074
TRAJ_00008,1.0,1.3018265842414263,28.41565159184445
TRAJ_00008,1.5,1.3187950476943324,27.817825627374784
TRAJ_00008,2.0,1.3394886954785374,27.0385924431826
TRAJ_00008,2.5,1.3630182237164774,26.04315313987547
TRAJ_00008,3.0,1.3882230970701948,24.815912891990262
TRAJ_00008,3.5,1.413344372766317,23.434527470702815
TRAJ_00008,4.0,1.4424161107681528,21.914357728956013
TRAJ_00008,4.5,1.4729997237411743,20.336508447066798
TRAJ_00008,5.0,1.5052441407537023,18.645645183687233
TRAJ_00008,5.5,1.538944062957745,16.79803055391811
TRAJ_00008,6.0,1.5738614333176109,14.77453384789634
TRAJ_00008,6.5,1.6097637366236122,12.57157985483718
TRAJ_00008,7.0,1.6464391264334275,10.197856302955264
TRAJ_00008,7.5,1.6837015706627898,7.67137121861753
TRAJ_00008,8.0,1.7213855060978773,5.014937033430424
TRAJ_00008,8.5,1.7593310512964495,2.249895968570868
TRAJ_00008,9.0,1.7973584599295045,-0.6106209623718489
TRAJ_00008,9.5,1.8352257202190503,-3.5680865098845667
TRAJ_00008,10.0,1.8725424167792322,-6.642484267951039
TRAJ_00008,10.5,1.9088945453267647,-9.82066620185994
TRAJ_00008,11.0,1.9445265442856194,-13.004264556025491
TRAJ_00008,11.5,1.9805209720939256,-16.158029964248147
TRAJ_00008,12.0,2.0166720214525813,-19.43710132716935
TRAJ_00008,12.5,2.0522978048908245,-22.715284249011727
TRAJ_00008,13.0,2.0873069254597696,-25.969237310670742
TRAJ_00008,13.5,2.12163877074939,-29.17016008637916
TRAJ_00008,14.0,2.1552420106280215,-32.281907386954934
TRAJ_00008,14.5,2.188100268776078,-35.26629149709129
TRAJ_00008,15.0,2.220224392727462,-38.08425545644928
TRAJ_00008,15.5,2.2516313163776576,-40.6977503858124
TRAJ_00008,16.0,2.285797863206664,-43.50985778304124
TRAJ_00008,16.5,2.319356921659411,-46.12871185909629
TRAJ_00008,17.0,2.3523206415128426,-48.506347348702405
TRAJ_00008,17.5,2.3847047083110455,-50.60334750440238
TRAJ_00008,18.0,2.4165303202309176,-52.39609779098647
TRAJ_00008,18.5,2.4478240026626334,-53.885939629880234
TRAJ_00008,19.0,2.4786157991520463,-55.107903966590705
TRAJ_00008,19.5,2.508935847314707,-56.135193594840146
TRAJ_00008,20.0,2.5388080702594213,-57.07539875023958
TRAJ_00008,20.5,2.568237733539662,-58.056308352606074
TRAJ_00008,21.0,2.5971931576003247,-59.203046366820615
TRAJ_00008,21.5,2.625591814091067,-60.612363541449284
TRAJ_00008,22.0,2.6533082403810124,-62.332310487622685
TRAJ_00008,22.5,2.67998711927219,-64.34169998846336
TRAJ_00008,23.0,2.7055338500609305,-66.57345075201725
TRAJ_00008,23.5,2.7299246740762353,-68.93330574004467
TRAJ_00008,24.0,2.753211904804121,-71.32894144332451
TRAJ_00008,24.5,2.7755058652948468,-73.69420184925555
TRAJ_00008,25.0,2.79694584518219,-76.00047975990466
TRAJ_00008,25.5,2.8176733089481147,-78.25484467931632
TRAJ_00008,26.0,2.8378141518559903,-80.49021653192946
TRAJ_00008,26.5,2.857471368510635,-82.75284367265141
TRAJ_00008,27.0,2.876733154580847,-85.08515717658996
TRAJ_00008,27.5,2.8956333655589463,-87.38928273082655
TRAJ_00008,28.0,2.9142406985998672,-89.83766317121153
TRAJ_00008,28.5,2.932592291790231,-92.44260033761432
TRAJ_00008,29.0,2.950707109032185,-95.20346000486016
TRAJ_00008,29.5,2.9685711707700757,-98.11276487918124
TRAJ_00008,30.0,2.9861218619969776,-101.16264248301579
TRAJ_00008,30.5,3.003252021650785,-104.34835557053815
TRAJ_00008,31.0,3.0198506828415197,-107.66702603456567
TRAJ_00008,31.5,3.035853799625446,-111.11219811478253
TRAJ_00008,32.0,3.0512623372697307,-114.66868172090751
TRAJ_00008,32.5,3.0661269454236293,-118.31064232111748
TRAJ_00008,33.0,3.080530671871859,-122.00358878856827
TRAJ_00008,33.5,3.094581141892555,-125.70862900711103
TRAJ_00008,34.0,3.1084049917943735,-129.38758488595482
TRAJ_00008,34.5,3.1221367906067954,-133.00690618911315
TRAJ_00008,35.0,3.135903916716408,-136.53911912266574
TRAJ_00008,35.5,3.1498139231261004,-139.96194433982785
TRAJ_00008,36.0,3.163949453744085,-143.25609811001175
TRAJ_00008,36.5,3.1783700274907694,-146.402642480276
TRAJ_00008,37.0,3.193116764211923,-149.38051441673377
TRAJ_00008,37.5,3.2082141501441206,-152.1646029357453
TRAJ_00008,38.0,3.2236639724257503,-154.72460497883725
TRAJ_00008,38.5,3.2394308984072744,-157.02460167294896
TRAJ_00008,39.0,3.2569778041035504,-159.4496418841429
TRAJ_00008,39.5,3.2746138481031655,-161.5297684755479
TRAJ_00008,40.0,3.292113781541625,-163.21141139516016
TRAJ_00008,40.5,3.309276053914794,-164.4503655500436
TRAJ_00008,41.0,3.3260431447804426,-165.2240458289528
TRAJ_00008,41.5,3.342560868975856,-165.5434582664004
TRAJ_00008,42.0,3.3591393082919385,-165.45281198050176
TRAJ_00008,42.5,3.3761512156012112,-165.01710727243443
TRAJ_00008,43.0,3.3939358524624557,-164.3081401295991
TRAJ_00008,43.5,3.412740406926912,-163.39627015601928
TRAJ_00008,44.0,3.432696226530804,-162.3470494407016
TRAJ_00008,44.5,3.453816008241601,-161.21976987260214
TRAJ_00008,45.0,3.4760052608676677,-160.06655682443176
TRAJ_00008,45.5,3.4990847242714365,-158.9318900296905
TRAJ_00008,46.0,3.522820479099048,-157.85245880667281
TRAJ_00008,46.5,3.5469557644883625,-156.85706834378732
TRAJ_00008,47.0,3.5712168836988876,-155.96591450451143
TRAJ_00008,47.5,3.595342961710315,-155.19282655412871
TRAJ_00008,48.0,3.619138649474766,-154.5391839985482
TRAJ_00008,48.5,3.6424271662501186,-153.9988342666417
TRAJ_00008,49.0,3.665032450278765,-153.5592099399173
TRAJ_00008,49.5,3.6867583241079824,-153.20254009844822
TRAJ_00008,50.0,3.707373990300246,-152.90701851657963
TRAJ_00008,50.5,3.7266235990575463,-152.64635146880852
TRAJ_00008,51.0,3.744285527612701,-152.38844626570713
TRAJ_00008,51.5,3.7602831993661554,-152.09635541248565
TRAJ_00008,52.0,3.7747704570406357,-151.73710262652767
TRAJ_00008,52.5,3.7880893884377977,-151.30024126218345
TRAJ_00008,53.0,3.8006341468614826,-150.82452594829778
TRAJ_00008,53.5,3.812739838816825,-150.44230996307806
TRAJ_00008,54.0,3.8246398509932447,-150.4997293146372
TRAJ_00008,54.5,3.8364673491246077,-152.19492950045714
TRAJ_00008,55.0,3.848270823811903,-168.44186073196892
TRAJ_00008,55.5,3.8600300941714125,48.95685559505579
TRAJ_00008,56.0,3.8716724596231633,41.76175765999505
TRAJ_00008,56.5,3.8830930325366526,40.230779457386554
TRAJ_00008,57.0,3.8941816888574756,39.60839593039262
TRAJ_00008,57.5,3.904852905816297,39.21754085373072
TRAJ_00008,58.0,3.91506999114792,38.86042835005175
TRAJ_00008,58.5,3.9248551562337783,38.44878912213378
TRAJ_00008,59.0,3.9342832527036156,37.921967660950216
TRAJ_00008,59.5,3.943465011567008,37.218835478965914
TRAJ_00008,60.0,3.95380516408277,36.484150373851584
TRAJ_00008,60.5,3.9640048731432054,35.764499610657204
TRAJ_00008,61.0,3.9744174021107526,34.69195787620878
TRAJ_00008,61.5,3.985194327223321,33.14867837509344
TRAJ_00008,62.0,3.9964877173068936,31.0416075274377
TRAJ_00008,62.5,4.008426688548399,28.332739294476024
TRAJ_00008,63.0,4.021082894187362,25.051274697896282
TRAJ_00008,63.5,4.0344576205137015,21.27917433769373
TRAJ_00008,64.0,4.048501759879622,17.125375187444746
TRAJ_00008,64.5,4.063144653705281,12.704220774935298
TRAJ_00008,65.0,4.078305846780613,8.12067379886273
TRAJ_00008,65.5,4.0938853489596685,3.460183508195659
TRAJ_00008,66.0,4.109743396890967,-1.216520274522333
TRAJ_00008,66.5,4.125683538954521,-5.872607703148008
TRAJ_00008,67.0,4.14141584904078,-10.481710930785916
TRAJ_00008,67.5,4.156660819946171,-15.03949576544517
TRAJ_00008,68.0,4.171175320380593,-19.55111851290298
TRAJ_00008,68.5,4.184828315426099,-24.023957623670224
TRAJ_00008,69.0,4.197655060222496,-28.46061208013378
TRAJ_00008,69.5,4.209861061260755,-32.855775012434854
TRAJ_00008,70.0,4.221786545835882,-37.19873854199842
TRAJ_00008,70.5,4.2338690668756405,-41.48000225762053
TRAJ_00008,71.0,4.2466275268907605,-45.849304999401305
TRAJ_00008,71.5,4.260595418177022,-50.151987885650655
TRAJ_00008,72.0,4.276146336724181,-54.3748086597014
TRAJ_00008,72.5,4.293188883133288,-58.48491814864317
TRAJ_00008,73.0,4.311070549189793,-62.40650838442283
TRAJ_00008,73.5,4.328921230504138,-66.00319940218384
TRAJ_00008,74.0,4.346106601417493,-69.10287723935575
TRAJ_00008,74.5,4.362400289964062,-71.56070753068414
TRAJ_00008,75.0,4.377866834264877,-73.3046897242853
TRAJ_00008,75.5,4.392670034073865,-74.33403749450048
TRAJ_00008,76.0,4.406104144119702,-74.71094587048947
TRAJ_00008,76.5,4.419287322177658,-74.602256058742
TRAJ_00008,77.0,4.432262926282734,-74.07806013710061
TRAJ_00008,77.5,4.445045781927243,-73.22858599401361
TRAJ_00008,78.0,4.4576532048577375,-72.16660611323034
TRAJ_00008,78.5,4.470143350019572,-71.02956920707763
TRAJ_00008,79.0,4.4826502535681545,-69.98112600817811
TRAJ_00008,79.5,4.495386805270309,-69.21622598703694
TRAJ_00008,80.0,4.5085742340851915,-68.97635847855976
TRAJ_00008,80.5,4.522285721536043,-69.57381073363581
TRAJ_00008,81.0,4.536281711065507,-71.39507774554927
TRAJ_00008,81.5,4.549991529215233,-74.79686985779675
TRAJ_00008,82.0,4.562732222191874,-79.7943729815031
TRAJ_00008,82.5,4.5740703092504775,-85.70860580291998
TRAJ_00008,83.0,4.5840511279475615,-91.35288540238933
TRAJ_00008,83.5,4.593095173691211,-95.79015089226371
TRAJ_00008,84.0,4.601723035527092,-98.74524598231399
TRAJ_00008,84.5,4.61036883473306,-100.39397621798751
TRAJ_00008,85.0,4.6193333393079605,-101.04180931437963
TRAJ_00008,85.5,4.628807844710133,-100.96317144531794
TRAJ_00008,86.0,4.638912308617824,-100.3630171599169
TRAJ_00008,86.5,4.649726047798016,-99.38473661132666
TRAJ_00008,87.0,4.661307233960212,-98.12750022277802
TRAJ_00008,87.5,4.673702118704501,-96.66136155562845
TRAJ_00008,88.0,4.686943683347786,-95.03761924518581
TRAJ_00008,88.5,4.701035600215553,-93.2942664699339
TRAJ_00008,89.0,4.7159141365155,-91.45775685811455
TRAJ_00008,89.5,4.731386569372733,-89.54489364264496
TRAJ_00008,90.0,4.7470706710619215,-87.57192141164866
TRAJ_00008,90.5,4.7624031294036,-85.57223036289862
TRAJ_00008,91.0,4.776799865930943,-83.60870451216854
TRAJ_00008,91.5,4.7899385592540416,-81.76156964537044
TRAJ_00008,92.0,4.801910417373784,-80.09752160537657
TRAJ_00008,92.5,4.813064162885869,-78.65099753739644
TRAJ_00008,93.0,4.823753475986385,-77.42922508301803
TRAJ_00008,93.5,4.834218493995226,-76.4252481873145
TRAJ_00008,94.0,4.84459137845059,-75.62674218965293
TRAJ_00008,94.5,4.854940853403471,-75.02012510617278
TRAJ_00008,95.0,4.865310929560195,-74.59243336216905
TRAJ_00008,95.5,4.875743790451105,-74.33232002910866
TRAJ_00008,96.0,4.8862891001801305,-74.23053467403473
TRAJ_00008,96.5,4.8970021548788365,-74.2800189160627
TRAJ_00008,97.0,4.907931984443419,-74.47572701792136
TRAJ_00008,97.5,4.919100588176845,-74.81437940392802
TRAJ_00008,98.0,4.930477367934015,-75.29430486066144
TRAJ_00008,98.5,4.941956819700576,-75.91509620624035
TRAJ_00008,99.0,4.953353456787541,-76.67610664895918
TRAJ_00008,99.5,4.96444288777322,-77.57256646945413
TRAJ_00008,100.0,4.975078053218626,-78.59201426886547
TRAJ_00009,0.0,1.3278557344694266,9.014870987992781
TRAJ_00009,0.5,1.334853952323165,7.324123419003593
TRAJ_00009,1.0,1.345415492527785,5.608976825210611
TRAJ_00009,1.5,1.3593050494621826,3.876440691653524
TRAJ_00009,2.0,1.3761763618682938,2.1212584898931266
TRAJ_00009,2.5,1.3955520099169962,0.31880420552310584
TRAJ_00009,3.0,1.4165949414775336,-1.5948284685389833
TRAJ_00009,3.5,1.4396762630783528,-3.6535033620881916
TRAJ_00009,4.0,1.464767186745435,-5.548017780898718
TRAJ_00009,4.5,1.4911091803505263,-7.4095265842315134
TRAJ_00009,5.0,1.5187418411380509,-9.2609532669793
TRAJ_00009,5.5,1.5472387427730756,-11.14570792983826
TRAJ_00009,6.0,1.5761710235329853,-13.100081955390486
TRAJ_00009,6.5,1.605118343911728,-15.155154091134472
TRAJ_00009,7.0,1.6336791130399868,-17.33639556458763
TRAJ_00009,7.5,1.6614799381799266,-19.661918348269534
TRAJ_00009,8.0,1.6881868646202376,-22.140107211089017
TRAJ_00009,8.5,1.714378261937493,-24.697998876082575
TRAJ_00009,9.0,1.7389856293044383,-27.38480517824
TRAJ_00009,9.5,1.7619055213461297,-30.17360562136601
TRAJ_00009,10.0,1.7831477383441097,-33.02948024440954
TRAJ_00009,10.5,1.8028275982999045,-35.91563601566387
TRAJ_00009,11.0,1.8211437393909728,-38.80079058845142
TRAJ_00009,11.5,1.83834582302978,-41.665128706754466
TRAJ_00009,12.0,1.8546968133696733,-44.5026500970605
TRAJ_00009,12.5,1.8704378010957239,-47.31974362929552
TRAJ_00009,13.0,1.8857780155278072,-50.13090598175932
TRAJ_00009,13.5,1.9014820264196797,-52.94861338219603
TRAJ_00009,14.0,1.9169987364893772,-55.80159917499057
TRAJ_00009,14.5,1.9323672037331627,-58.71048989328146
TRAJ_00009,15.0,1.94759072070285,-61.69136625856308
TRAJ_00009,15.5,1.962651350148823,-64.7525195930581
TRAJ_00009,16.0,1.9775236363525026,-67.89037797782076
TRAJ_00009,16.5,1.9921792312366906,-71.08595961425222
TRAJ_00009,17.0,2.0065809196080195,-74.30382668557513
TRAJ_00009,17.5,2.020669592784635,-77.49640577007366
TRAJ_00009,18.0,2.0343374925362157,-80.618558246562
TRAJ_00009,18.5,2.0472555278716293,-83.6961710817388
TRAJ_00009,19.0,2.057850204729102,-86.30101509545317
TRAJ_00009,19.5,2.068364090447579,-89.0103844705018
TRAJ_00009,20.0,2.0795495705954257,-91.90963025460583
TRAJ_00009,20.5,2.095051942347055,-95.75019649944487
TRAJ_00009,21.0,2.110115742345178,-99.25098230793044
TRAJ_00009,21.5,2.1247397362009246,-102.44500401123547
TRAJ_00009,22.0,2.1388896774611297,-105.37502078438594
TRAJ_00009,22.5,2.152500619094086,-108.08726175908791
TRAJ_00009,23.0,2.165600233990971,-110.56141782529258
TRAJ_00009,23.5,2.17796138299825,-112.90775811172809
TRAJ_00009,24.0,2.189466495258044,-115.16392970523805
TRAJ_00009,24.5,2.1999983439907718,-117.36261271732161
TRAJ_00009,25.0,2.209437887081117,-119.534967661911
TRAJ_00009,25.5,2.2177649805119213,-121.69186680383599
TRAJ_00009,26.0,2.224797922214996,-123.85287140231158
TRAJ_00009,26.5,2.2298956944957378,-126.00310422259881
TRAJ_00009,27.0,2.233746506043987,-128.1586739684984
TRAJ_00009,27.5,2.236486665857143,-130.27034211683468
TRAJ_00009,28.0,2.2374594010806548,-132.31782742421498
TRAJ_00009,28.5,2.236834878038762,-134.32768371815848
TRAJ_00009,29.0,2.2352733202909953,-136.18064183320513
TRAJ_00009,29.5,2.232236808724476,-138.00518108456987
TRAJ_00009,30.0,2.2277194137601515,-139.81348998142545
TRAJ_00009,30.5,2.221665054630292,-141.62525443683768
TRAJ_00009,31.0,2.2139813961662678,-143.46587693726215
TRAJ_00009,31.5,2.2045628656876426,-145.36345552373325
TRAJ_00009,32.0,2.1933142971533095,-147.34673031732353
TRAJ_00009,32.5,2.180169799224928,-149.44326924021377
TRAJ_00009,33.0,2.165110883629006,-151.6767964202711
TRAJ_00009,33.5,2.1481845130871977,-154.06018189860143
TRAJ_00009,34.0,2.129508585992522,-156.589727561249
TRAJ_00009,34.5,2.1092007767204377,-159.27677767045802
TRAJ_00009,35.0,2.0873194661442342,-162.1760387821159
TRAJ_00009,35.5,2.0638856701653134,-165.36257168106675
TRAJ_00009,36.0,2.038818510509799,-168.9158794264924
TRAJ_00009,36.5,2.0111509099239275,-172.92684816719498
TRAJ_00009,37.0,1.9819689614947598,-177.47017927442482
TRAJ_00009,37.5,1.9520319279323888,177.46686644680236
TRAJ_00009,38.0,1.921099910318673,171.9473195858637
TRAJ_00009,38.5,1.8890895862320058,166.19459317922232
TRAJ_00009,39.0,1.8562229461432576,160.68789749993687
TRAJ_00009,39.5,1.822668647513536,155.7817423028192
TRAJ_00009,40.0,1.7885330669882762,151.7146515433423
TRAJ_00009,40.5,1.7539282258263809,148.56181274139703
TRAJ_00009,41.0,1.7189650156552922,146.2568541957697
TRAJ_00009,41.5,1.6837425236564336,144.64701885651044
TRAJ_00009,42.0,1.6483377763748255,143.5462121754674
TRAJ_00009,42.5,1.6127978806246108,142.770269279825
TRAJ_00009,43.0,1.577135938720355,142.15475037226324
TRAJ_00009,43.5,1.5418573263584145,141.46784757214712
TRAJ_00009,44.0,1.506398733842536,140.6936350762191
TRAJ_00009,44.5,1.4707294125556296,139.74564315767546
TRAJ_00009,45.0,1.434932752772235,138.56398905170673
TRAJ_00009,45.5,1.3988483770261873,137.1442221658038
TRAJ_00009,46.0,1.3626498408817085,135.48410120099138
TRAJ_00009,46.5,1.3266624916686374,133.6219672359357
TRAJ_00009,47.0,1.2913732137969365,131.64147789022115
TRAJ_00009,47.5,1.2574008367365013,129.6632098839178
TRAJ_00009,48.0,1.225427503488026,127.79827542555948
TRAJ_00009,48.5,1.195369655984027,126.10164029560916
TRAJ_00009,49.0,1.1691066554453042,124.5395934034052
TRAJ_00009,49.5,1.1478168863260387,123.12706770382005
TRAJ_00009,50.0,1.1326487846631657,121.88366964776218
TRAJ_00009,50.5,1.124517813176784,120.82195856789544
TRAJ_00009,51.0,1.1239356660160624,119.94420176723388
TRAJ_00009,51.5,1.1308955020458205,119.24429900819577
TRAJ_00009,52.0,1.1448392929682705,118.70694938668453
TRAJ_00009,52.5,1.1648704511389616,118.31423321594232
TRAJ_00009,53.0,1.1897921877713438,118.04951055392301
TRAJ_00009,53.5,1.2179073495242219,117.95000215930203
TRAJ_00009,54.0,1.2485721007329735,117.96616681358937
TRAJ_00009,54.5,1.2807544253111345,118.1021342143
TRAJ_00009,55.0,1.3134408074760135,118.37741935658985
TRAJ_00009,55.5,1.3457323306492406,118.79831687944568
TRAJ_00009,56.0,1.3768670104544385,119.39131255340074
TRAJ_00009,56.5,1.4062290090987486,120.20366760255395
TRAJ_00009,57.0,1.4333291093354785,121.30056352271744
TRAJ_00009,57.5,1.4577835870873244,122.76468253612194
TRAJ_00009,58.0,1.4793081697149162,124.69308076971555
TRAJ_00009,58.5,1.497729827522415,127.18825198446272
TRAJ_00009,59.0,1.5129879790196183,130.34810609886696
TRAJ_00009,59.5,1.5251295192576808,134.26162744814542
TRAJ_00009,60.0,1.5343497245398166,139.0016865096954
TRAJ_00009,60.5,1.5410130206512507,144.62223859487426
TRAJ_00009,61.0,1.545609668952947,151.1626964189662
TRAJ_00009,61.5,1.54868226518319,158.65146651379143
TRAJ_00009,62.0,1.5507732773173792,167.09817569415162
TRAJ_00009,62.5,1.5524111405193335,176.46882645182654
TRAJ_00009,63.0,1.554520031282534,-173.4218609284299
TRAJ_00009,63.5,1.557235169359188,-162.65097487192688
TRAJ_00009,64.0,1.561936093633039,-151.2877361734189
TRAJ_00009,64.5,1.5675435886498292,-139.69963639565964
TRAJ_00009,65.0,1.5737246826339506,-128.0932955022763
TRAJ_00009,65.5,1.5801514178068723,-116.57476087040858
TRAJ_00009,66.0,1.5864418502377537,-105.16837103599276
TRAJ_00009,66.5,1.5929523031822441,-93.86505817795087
TRAJ_00009,67.0,1.598585997026917,-82.67175543291584
TRAJ_00009,67.5,1.6029370234083706,-71.61232434949049
TRAJ_00009,68.0,1.605547319608195,-60.76949401846346
TRAJ_00009,68.5,1.6063560519606586,-50.216926778616966
TRAJ_00009,69.0,1.60501411252439,-40.05148435902363
TRAJ_00009,69.5,1.6011608246439963,-30.34913878892111
TRAJ_00009,70.0,1.59443747219463,-21.149963382136647
TRAJ_00009,70.5,1.5844941565324517,-12.457214682083306
TRAJ_00009,71.0,1.5710120283320848,-4.244345922471451
TRAJ_00009,71.5,1.5537420549233907,3.5363315916379463
TRAJ_00009,72.0,1.5325536841348417,10.946151379819351
TRAJ_00009,72.5,1.5074789278404872,18.05366088104246
TRAJ_00009,73.0,1.4787304846315552,24.928376527562225
TRAJ_00009,73.5,1.4466860480173125,31.63410788868237
TRAJ_00009,74.0,1.411851583082281,38.22027208934891
TRAJ_00009,74.5,1.3748272841074365,44.71107779688282
TRAJ_00009,75.0,1.3363077146817302,51.104581570692076
TRAJ_00009,75.5,1.2970968675058243,57.38253844488072
TRAJ_00009,76.0,1.258123779368806,63.509632345850314
TRAJ_00009,76.5,1.2204932568287878,69.42764671591927
TRAJ_00009,77.0,1.1855386383869129,75.05742750845705
TRAJ_00009,77.5,1.1548299552121315,80.30608952795755
TRAJ_00009,78.0,1.1300424305352847,85.07785481337106
TRAJ_00009,78.5,1.112727468387401,89.29798159158919
TRAJ_00009,79.0,1.1042503830113166,93.08532848337458
TRAJ_00009,79.5,1.10516384235912,96.21901692977218
TRAJ_00009,80.0,1.1152993462742289,98.75788395917569
TRAJ_00009,80.5,1.1336673246836486,100.83557135336073
TRAJ_00009,81.0,1.158655968257758,102.71149212569468
TRAJ_00009,81.5,1.1884709952424595,104.69401369281124
TRAJ_00009,82.0,1.2214978530223457,106.95669972365867
TRAJ_00009,82.5,1.2564348298647934,109.5679585200255
TRAJ_00009,83.0,1.2922921682767208,112.564705301782
TRAJ_00009,83.5,1.328298911369304,115.98810755159684
TRAJ_00009,84.0,1.3641381262727292,119.92877446009072
TRAJ_00009,84.5,1.399504504371229,124.49129443755164
TRAJ_00009,85.0,1.4341285766041392,129.8042471820344
TRAJ_00009,85.5,1.467865630203976,136.03294601278768
TRAJ_00009,86.0,1.5005827970012702,143.34044194918266
TRAJ_00009,86.5,1.532099916656416,151.8158533411701
TRAJ_00009,87.0,1.5621991054122755,161.38132230840904
TRAJ_00009,87.5,1.5906814176823976,171.7309861512942
TRAJ_00009,88.0,1.617396331418274,-177.62900237725356
TRAJ_00009,88.5,1.642185428639295,-167.23192369762663
TRAJ_00009,89.0,1.6650288044420258,-157.46435211055064
TRAJ_00009,89.5,1.6860087918207936,-148.51901527796875
TRAJ_00009,90.0,1.705166290461365,-140.44705449377477
TRAJ_00009,90.5,1.7224881876606697,-133.21425184309217
TRAJ_00009,91.0,1.7379161497116307,-126.74245209750792
TRAJ_00009,91.5,1.7513620358830522,-120.93229841041446
TRAJ_00009,92.0,1.7627263174023238,-115.67306644037558
TRAJ_00009,92.5,1.7728603299656334,-110.8335831430407
TRAJ_00009,93.0,1.7807930651092,-106.33593807553018
TRAJ_00009,93.5,1.7865635048701691,-102.05752501235823
TRAJ_00009,94.0,1.7902435921158375,-97.88605667911418
TRAJ_00009,94.5,1.791605516100346,-93.7178718555498
TRAJ_00009,95.0,1.7887103972866873,-89.47362013459096
TRAJ_00009,95.5,1.7781729465469602,-85.1852451690937
TRAJ_00009,96.0,1.7643595571135202,-80.65618074363091
TRAJ_00009,96.5,1.7483646918467755,-75.76088669622341
TRAJ_00009,97.0,1.7303631695023927,-70.39240861275461
TRAJ_00009,97.5,1.7102440553132459,-64.49187849469608
TRAJ_00009,98.0,1.6877725771366812,-58.12203764230745
TRAJ_00009,98.5,1.662708372099395,-51.51663564148102
TRAJ_00009,99.0,1.6349321137226291,-44.99585114971288
TRAJ_00009,99.5,1.6044363695073496,-38.77270273233928
TRAJ_00009,100.0,1.5715013779019067,-32.80085783180605
TRAJ_00010,0.0,1.2806735212142042,8.510285766276775
TRAJ_00010,0.5,1.278768874372136,9.944760332869068
TRAJ_00010,1.0,1.2817227778912461,11.440498232210874
TRAJ_00010,1.5,1.2887956434752463,12.910344040491633
TRAJ_00010,2.0,1.2990251411476619,14.248423306369675
TRAJ_00010,2.5,1.3114244143904508,15.362793115661898
TRAJ_00010,3.0,1.3254338540712494,16.223155255953447
TRAJ_00010,3.5,1.3408332046042684,16.85461712277417
TRAJ_00010,4.0,1.3576934330862263,17.32013114409351
TRAJ_00010,4.5,1.3761901230235594,17.69741071818483
TRAJ_00010,5.0,1.3964279492023544,18.059534765821912
TRAJ_00010,5.5,1.4183905555488492,18.45888786837012
TRAJ_00010,6.0,1.4420080678905765,18.915512790765487
TRAJ_00010,6.5,1.46723377556982,19.416900231198987
TRAJ_00010,7.0,1.4940229616690406,19.929006392063606
TRAJ_00010,7.5,1.522142903612395,20.40360227828761
TRAJ_00010,8.0,1.5500824908842923,20.795544982464566
TRAJ_00010,8.5,1.5801981914534093,21.275356603808454
TRAJ_00010,9.0,1.611880985590605,21.786318035137473
TRAJ_00010,9.5,1.645019717720516,22.299242566240558
TRAJ_00010,10.0,1.679197311242713,22.80351741052107
TRAJ_00010,10.5,1.7140799985858832,23.27907319214905
TRAJ_00010,11.0,1.7492778931268522,23.704659334237043
TRAJ_00010,11.5,1.7842678241958811,24.062231856115506
TRAJ_00010,12.0,1.8183784808967514,24.30765795105427
TRAJ_00010,12.5,1.8513186318880128,24.358870999036068
TRAJ_00010,13.0,1.8831361948020793,24.173550863907135
TRAJ_00010,13.5,1.9143730824668872,23.803782752559954
TRAJ_00010,14.0,1.9470269596892555,23.55328979911315
TRAJ_00010,14.5,1.9781477757654038,23.249448483577318
TRAJ_00010,15.0,2.0111289865707973,22.824632303490844
TRAJ_00010,15.5,2.043744362723124,22.327086488804937
TRAJ_00010,16.0,2.0761108079026553,21.72710823633661
TRAJ_00010,16.5,2.1082189892349925,20.99077850300555
TRAJ_00010,17.0,2.140023743906062,20.102697313712365
TRAJ_00010,17.5,2.1714516023132053,19.064846335086415
TRAJ_00010,18.0,2.2024047131316262,17.887564469999088
TRAJ_00010,18.5,2.232785085987046,16.594122570587675
TRAJ_00010,19.0,2.262707852750971,15.204193444001469
TRAJ_00010,19.5,2.292039523002633,13.717131266713587
TRAJ_00010,20.0,2.320637344707591,12.127531343865243
TRAJ_00010,20.5,2.3483516766053976,10.42491380690608
TRAJ_00010,21.0,2.3750340482278802,8.593965156208089
TRAJ_00010,21.5,2.400555370783915,6.615831175005594
TRAJ_00010,22.0,2.4252231635516432,4.4739762154728
TRAJ_00010,22.5,2.4486524688399562,2.151400690110701
TRAJ_00010,23.0,2.4709454698750823,-0.35197441079728464
TRAJ_00010,23.5,2.4922888638446077,-3.0150567000821407
TRAJ_00010,24.0,2.51291136719038,-5.7951254516391355
TRAJ_00010,24.5,2.5330439050224003,-8.632988801556325
TRAJ_00010,25.0,2.55263913615349,-11.405968725329446
TRAJ_00010,25.5,2.571894065584958,-14.002154234172188
TRAJ_00010,26.0,2.5909478964662176,-16.30598224059386
TRAJ_00010,26.5,2.6098568038839742,-18.23400540888894
TRAJ_00010,27.0,2.6286109991078357,-19.753759434716883
TRAJ_00010,27.5,2.6471688540138465,-20.874191553330384
TRAJ_00010,28.0,2.6654825070840316,-21.62638534734531
TRAJ_00010,28.5,2.6836062829506804,-22.18353060169127
TRAJ_00010,29.0,2.7013998848417016,-22.424044790231644
TRAJ_00010,29.5,2.7188347386500036,-22.36324503718868
TRAJ_00010,30.0,2.735896271960847,-22.002897507160693
TRAJ_00010,30.5,2.7525881785145256,-21.329732948831413
TRAJ_00010,31.0,2.7689378232249715,-20.313912466456042
TRAJ_00010,31.5,2.7850040671923795,-18.90808386178183
TRAJ_00010,32.0,2.800885544102825,-17.048961368290215
TRAJ_00010,32.5,2.8167200673389643,-14.665239317545765
TRAJ_00010,33.0,2.832657571000803,-11.694918150541104
TRAJ_00010,33.5,2.8488133033436687,-8.12144881174856
TRAJ_00010,34.0,2.8655085201073494,-4.076289589197236
TRAJ_00010,34.5,2.882095528012081,0.5420084544222415
TRAJ_00010,35.0,2.8981010579027466,5.638690838992364
TRAJ_00010,35.5,2.912934423947635,11.033322714928861
TRAJ_00010,36.0,2.926115919691089,16.435735230248845
TRAJ_00010,36.5,2.9375342768077677,21.519477982727025
TRAJ_00010,37.0,2.9474752597974594,26.058647826911475
TRAJ_00010,37.5,2.9563998842014203,29.983627287475613
TRAJ_00010,38.0,2.9647274019814254,33.33082673608102
TRAJ_00010,38.5,2.972753133156759,36.17276427792675
TRAJ_00010,39.0,2.98065757381826,38.57730737028209
TRAJ_00010,39.5,2.988542286463395,40.59282582103788
TRAJ_00010,40.0,2.99646325560407,42.24528839857182
TRAJ_00010,40.5,3.0042067219028543,43.692761897190564
TRAJ_00010,41.0,3.0120490886617723,44.753590590487605
TRAJ_00010,41.5,3.020016484386237,45.394708206112355
TRAJ_00010,42.0,3.0281375352671045,45.56330899472516
TRAJ_00010,42.5,3.036442266349283,45.203489815995574
TRAJ_00010,43.0,3.0449509536548724,44.28483442735515
TRAJ_00010,43.5,3.0538254239920875,42.66602039589155
TRAJ_00010,44.0,3.063019312078505,40.2960763858949
TRAJ_00010,44.5,3.072460077936221,37.156815170567896
TRAJ_00010,45.0,3.082040227807594,33.25928348170615
TRAJ_00010,45.5,3.0918855042972,28.7609905347837
TRAJ_00010,46.0,3.101393853610573,23.56788554840942
TRAJ_00010,46.5,3.1101219573075496,17.76699920999923
TRAJ_00010,47.0,3.117577963482485,11.539407264820223
TRAJ_00010,47.5,3.1234752655239624,5.160678050791233
TRAJ_00010,48.0,3.127958165033588,-1.1038590669015067
TRAJ_00010,48.5,3.1315230118185333,-7.1250530458047
TRAJ_00010,49.0,3.1347406819143875,-12.930163046615231
TRAJ_00010,49.5,3.1380714345175997,-18.643330513204564
TRAJ_00010,50.0,3.1418291340341455,-24.431585870533734
TRAJ_00010,50.5,3.1462098667135927,-30.48196331940787
TRAJ_00010,51.0,3.1513217314164046,-36.99693628463617
TRAJ_00010,51.5,3.157198417843386,-44.19029711843667
TRAJ_00010,52.0,3.1637978358038117,-52.26421237522607
TRAJ_00010,52.5,3.1710319293014697,-61.34634576511118
TRAJ_00010,53.0,3.1788449406748494,-71.40970986260947
TRAJ_00010,53.5,3.187139768121418,-82.16132620362146
TRAJ_00010,54.0,3.195786679242314,-92.99325341907975
TRAJ_00010,54.5,3.204700643089837,-103.1734098548236
TRAJ_00010,55.0,3.213866233976233,-112.15592032333569
TRAJ_00010,55.5,3.223301459181531,-119.7392850986182
TRAJ_00010,56.0,3.2329946249376222,-126.00237201822429
TRAJ_00010,56.5,3.2428519701362335,-131.1583454680193
TRAJ_00010,57.0,3.2526767737636297,-135.4411767247573
TRAJ_00010,57.5,3.2621618696382106,-139.04932501390257
TRAJ_00010,58.0,3.271090796930028,-142.0964235662271
TRAJ_00010,58.5,3.2793728406610922,-144.6310980057602
TRAJ_00010,59.0,3.2871377191690305,-146.66431578075682
TRAJ_00010,59.5,3.294647177010665,-148.21100181452442
TRAJ_00010,60.0,3.3021717225442924,-149.3036038232631
TRAJ_00010,60.5,3.3099323768060405,-149.98200911285815
TRAJ_00010,61.0,3.3180891706831974,-150.28204899102795
TRAJ_00010,61.5,3.3267358656218313,-150.23117702453547
TRAJ_00010,62.0,3.3358906674612374,-149.84995747470026
TRAJ_00010,62.5,3.3454920076750274,-149.1571965311942
TRAJ_00010,63.0,3.355409916629653,-148.17783582565536
TRAJ_00010,63.5,3.3654750063800423,-146.95260680896405
TRAJ_00010,64.0,3.3755139515775054,-145.54751203770476
TRAJ_00010,64.5,3.385418356020816,-144.04871353332666
TRAJ_00010,65.0,3.3950961617418267,-142.5672830425012
TRAJ_00010,65.5,3.4044261601615466,-141.2157025329454
TRAJ_00010,66.0,3.4135935778105724,-139.99928669892
TRAJ_00010,66.5,3.422379261835016,-139.08784828461233
TRAJ_00010,67.0,3.4307336477530694,-138.41568514970308
TRAJ_00010,67.5,3.4382744679638377,-138.10211204273548
TRAJ_00010,68.0,3.4447452614346092,-138.1554708805709
TRAJ_00010,68.5,3.4499507302846957,-138.58956226556856
TRAJ_00010,69.0,3.4537351298534382,-139.42056632794782
TRAJ_00010,69.5,3.456005342491408,-140.66222666110033
TRAJ_00010,70.0,3.456701367618265,-142.32839232190466
TRAJ_00010,70.5,3.4559650759450724,-144.41081688355828
TRAJ_00010,71.0,3.453909453742514,-146.91277800942638
TRAJ_00010,71.5,3.4508262308233673,-149.85538363307487
TRAJ_00010,72.0,3.447097329717156,-153.26172847313794
TRAJ_00010,72.5,3.44309460980239,-157.13134162803428
TRAJ_00010,73.0,3.4390978878048557,-161.41515943983714
TRAJ_00010,73.5,3.435465294520328,-166.0173554563902
TRAJ_00010,74.0,3.4319775678179054,-170.78644887561734
TRAJ_00010,74.5,3.4285598396055184,-175.57861156032646
TRAJ_00010,75.0,3.4247219825421085,179.8203050073833
TRAJ_00010,75.5,3.420566672333522,175.313435306919
TRAJ_00010,76.0,3.4160440035756996,170.91948147669024
TRAJ_00010,76.5,3.411179833388381,166.63499668272908
TRAJ_00010,77.0,3.4061183962618826,162.40608234731928
TRAJ_00010,77.5,3.401161217151562,158.05189753020676
TRAJ_00010,78.0,3.396952931817124,153.34450839932597
TRAJ_00010,78.5,3.394017531905699,148.43416277120096
TRAJ_00010,79.0,3.392603256037666,143.4211219729934
TRAJ_00010,79.5,3.391628362932228,136.93185219304635
TRAJ_00010,80.0,3.3920170604583997,130.10370917035166
TRAJ_00010,80.5,3.393266606738491,122.72459663946492
TRAJ_00010,81.0,3.3946051241110196,114.62089383300044
TRAJ_00010,81.5,3.395169072077148,105.83679213027554
TRAJ_00010,82.0,3.3942362883050943,96.84098917526734
TRAJ_00010,82.5,3.3914500173835394,88.46884065836649
TRAJ_00010,83.0,3.3868853053688572,81.47903738786357
TRAJ_00010,83.5,3.3809039305739526,76.17077444474212
TRAJ_00010,84.0,3.373944035932933,72.41522543790816
TRAJ_00010,84.5,3.366391251526945,69.89343426265911
TRAJ_00010,85.0,3.3585473203549094,68.27333411948656
TRAJ_00010,85.5,3.350648489923775,67.28010495066346
TRAJ_00010,86.0,3.342896409978733,66.7066411137288
TRAJ_00010,86.5,3.3354850468602786,66.40349474669688
TRAJ_00010,87.0,3.3286185523192104,66.26497767176149
TRAJ_00010,87.5,3.323386143379705,66.21926856068612
TRAJ_00010,88.0,3.319058033326576,66.17611761457698
TRAJ_00010,88.5,3.3157777746407473,66.10800708470238
TRAJ_00010,89.0,3.3136245793475463,65.99361528543618
TRAJ_00010,89.5,3.312577743151803,65.81270110947823
TRAJ_00010,90.0,3.312488347608741,65.54202728670325
TRAJ_00010,90.5,3.3130630478162506,65.15324381346602
TRAJ_00010,91.0,3.313859453249001,64.6151157288632
TRAJ_00010,91.5,3.3143019980986033,63.90269669988069
TRAJ_00010,92.0,3.3137464680931634,63.0155613410169
TRAJ_00010,92.5,3.311630106448067,61.998656943721834
TRAJ_00010,93.0,3.3076866540120617,60.945159018519334
TRAJ_00010,93.5,3.3020848884074114,59.96305467801155
TRAJ_00010,94.0,3.295343922642519,59.12792174716628
TRAJ_00010,94.5,3.288104511880799,58.46357928482798
TRAJ_00010,95.0,3.2809506215322797,57.95501381012216
TRAJ_00010,95.5,3.2743458780880754,57.56894391295059
TRAJ_00010,96.0,3.2686379134435533,57.26723005580408
TRAJ_00010,96.5,3.2640736648955486,57.01380190561205
TRAJ_00010,97.0,3.2607617255595525,56.788220538390895
TRAJ_00010,97.5,3.258675839317159,56.58906705096
TRAJ_00010,98.0,3.258233465696743,56.291240861104
TRAJ_00010,98.5,3.2594469652637734,55.82744254148997
TRAJ_00010,99.0,3.2622250404096103,55.12125790234389
TRAJ_00010,99.5,3.2663830633486732,54.08393061398347
TRAJ_00010,100.0,3.2715861481945057,52.6414187656049
