S0,S1,S2,S3,T1,T2,T3,time_fs
2.561949399376673e-37,1.4326983054753617e-32,0.9999999999999779,5.838159051120695e-32,1.3630993551641076e-31,7.948712635773716e-32,2.6316750352122104e-30,0.0
7.002440411130267e-08,0.003777809926011246,0.9952188206532429,0.0010028307418253623,1.5881907955826898e-08,6.152667649231929e-08,3.9124593783910307e-07,0.5
6.200538704354429e-08,0.014872123460573598,0.9819526704958625,0.003173459745971684,7.363886359092834e-09,1.5799510545265122e-07,1.518933163657393e-06,1.0
3.870952979205476e-08,0.04509578335375873,0.9501002717320426,0.004800430796440464,6.16102391232123e-09,2.2736562968265324e-07,3.241881555149493e-06,1.5
8.404595611386376e-08,0.11099407548525314,0.8835126042364085,0.005487684912728551,1.1568980789813707e-08,3.2737920572119475e-07,5.212371535556249e-06,2.0
2.4869588012108374e-08,0.17415750001209485,0.8195493001240388,0.006285229524214222,1.1947278769269452e-08,8.862871516342092e-07,7.047235687636311e-06,2.5
7.74850821256426e-09,0.2838134153295488,0.7030688900658983,0.01310726858026805,1.5154992733282884e-08,1.4791293422424673e-06,8.923991417363748e-06,3.0
9.194243652468701e-09,0.37645399712823413,0.6091466019916842,0.01438664027571138,2.0072208132605965e-08,1.9284360547177433e-06,1.0802901872998438e-05,3.5
1.1461172594916258e-08,0.43400701925843704,0.5525700837025516,0.013408119006314813,2.65013854949227e-08,4.899602665875621e-06,9.840467512200737e-06,4.0
1.7967636039022913e-08,0.5299001748497565,0.4532254541048942,0.016857732436562276,3.405166992519629e-08,6.463611910617161e-06,1.0122977578789985e-05,4.5
4.7452909062829564e-08,0.5522878871579869,0.4343451316872702,0.013348918803597155,4.501942390419493e-08,7.785808033278943e-06,1.0184070754276804e-05,5.0
1.505810467095478e-07,0.581917173795711,0.40922515355038147,0.008838506260142272,5.8790033290218256e-08,8.540124791471146e-06,1.0416897900307837e-05,5.5
3.9455361064002626e-07,0.6103147551581861,0.37922561165870805,0.01043968214000997,7.151842754381971e-08,9.326918147009263e-06,1.015805290541954e-05,6.0
8.064928326697868e-07,0.6196840488500613,0.37569484895903044,0.004600946318064852,7.773337290280415e-08,9.79926758989174e-06,9.4723790165687e-06,6.5
1.5553516069173072e-06,0.676790358017551,0.32055642209445623,0.002632810099668127,8.485328216108453e-08,1.0346656183353554e-05,8.422927194082207e-06,7.0
2.724098385055546e-06,0.727122593093931,0.27136321597418067,0.0014934485023320992,1.0107744121080199e-07,1.1087882035716325e-05,6.8293716592186565e-06,7.5
4.653200180269157e-06,0.7829567281149594,0.21633609663084616,0.0006857459873555675,1.1795189518713275e-07,1.184400082145109e-05,4.814113950956149e-06,8.0
8.809302660553534e-06,0.7868767991462225,0.21273705238778745,0.00036157682116160265,1.3835094381085559e-07,1.2758358750459905e-05,2.8656325107977455e-06,8.5
1.7636780017419347e-05,0.7812114355812356,0.21855712916203368,0.00019846757143538474,1.6648884731528883e-07,1.3478855240676918e-05,1.6855611962307725e-06,9.0
0.00015612922023347617,0.7731917953338991,0.2263992903762091,0.00023748635628140924,2.2022863190884927e-07,1.3793677703869609e-05,1.284807044094386e-06,9.5
0.00013805951466964506,0.7663829025257813,0.23342302989400732,4.091236836793244e-05,3.038590544854939e-07,1.376748335841447e-05,1.024354709258825e-06,10.0
0.00039645472872336206,0.763443886795049,0.23604764803221207,9.748401658569346e-05,3.9197631296670516e-07,1.3538973909385048e-05,5.954771914578562e-07,10.5
0.0011179078817716492,0.7761709014664806,0.22259554537937756,0.00010152377585824502,5.135773034993671e-07,1.3175964718303159e-05,4.319544888569795e-07,11.0
0.026639991213657052,0.7685734728976633,0.20472646917375611,4.592713917881221e-05,6.757028627263337e-07,1.2869233345406913e-05,5.946395513165137e-07,11.5
0.10504827841150984,0.6983690486133614,0.1965397884233554,2.873728310967132e-05,9.675908892325804e-07,1.253003836813898e-05,6.49639406146451e-07,12.0
0.12301192400747753,0.6995345952650747,0.17740733539944756,3.187845925006896e-05,1.351726637453689e-06,1.2194249964531254e-05,7.208921211733667e-07,12.5
0.16057840269095883,0.6776895163596266,0.16166680000249364,5.090814567182934e-05,1.861075683105892e-06,1.1738738049061396e-05,7.729875114661013e-07,13.0
0.15883567926196349,0.6921739622810045,0.14893690299156445,3.9092488148687546e-05,2.5734511534387404e-06,1.104373868198655e-05,7.457874888040083e-07,13.5
0.14803440535498447,0.7133151546448797,0.1385775678764439,5.881931813111228e-05,3.199265088386675e-06,1.01864844381878e-05,6.670560418583486e-07,14.0
0.17834590446760162,0.6918979884476779,0.12963457042933846,0.00010806268793516559,3.522917788502678e-06,9.43835160600546e-06,5.126980530787252e-07,14.5
0.2112741689092015,0.6657361080054206,0.12284366753346844,0.00013275812458129365,4.086949314770142e-06,8.84231313461993e-06,3.6816490266075714e-07,15.0
0.24983045568977502,0.631777950476739,0.11823555139342805,0.00014305732443200135,4.535512743092149e-06,8.155083956690128e-06,2.94518970295256e-07,15.5
0.26762277812031166,0.6175761561090157,0.1146945825385285,9.297822920159663e-05,5.412359794674656e-06,7.782698897263973e-06,3.0994421778822814e-07,16.0
0.32550668931100457,0.5636741757487285,0.11056653998376333,0.00023895875581819392,5.913797264363453e-06,7.418923039375281e-06,3.034803515061557e-07,16.5
0.3371331301748681,0.5538813769271217,0.10875728002842476,0.0002145057610118933,6.208626310993471e-06,7.2007854115216455e-06,2.9769681624493717e-07,17.0
0.3489027914775711,0.6488709957725527,0.0021656842255854732,4.695577856535342e-05,6.6050387767947315e-06,6.706491320420234e-06,2.612156013139925e-07,17.5
0.36251409193865664,0.6349630592119379,0.0024971140414769156,1.122934198062372e-05,7.058379349997835e-06,7.221641222427974e-06,2.2544538277733045e-07,18.0
0.3929262105837375,0.6040693063610266,0.002934019381252029,5.3522639422870636e-05,7.411656095547409e-06,9.289136828580357e-06,2.402416544127895e-07,18.5
0.380684495480345,0.6165443959587842,0.002730288855517292,2.0725096016374328e-05,7.208828705937323e-06,1.2672980602864317e-05,2.1280004769801588e-07,19.0
0.36621282351834117,0.631820020549968,0.0019303720037577264,1.1202542223647057e-05,6.0699596338888305e-06,1.930037095520539e-05,2.1105506974580506e-07,19.5
0.3758399551387337,0.6232209826569756,0.0008765686800669183,3.242712204592319e-05,4.647439199898321e-06,2.5207299368024563e-05,2.1166361244523186e-07,20.0
0.3604400915166444,0.639327514540544,0.00018818010849077632,7.931787219781933e-06,4.624490464760304e-06,3.145660514396888e-05,2.009514648504983e-07,20.5
0.46499580859100004,0.5348786317301096,7.604670340103072e-05,6.563094684655775e-06,6.6419177233015004e-06,3.61307818268162e-05,1.771812406320618e-07,21.0
0.46398026601316406,0.5357203607807608,0.00024409727486328874,5.5064238349051515e-06,9.60724317804184e-06,3.9956503503343573e-05,2.0576071590221332e-07,21.5
0.46284423801548247,0.536683159760664,0.0004083471866012129,4.1370983891533085e-06,1.2429397461052925e-05,4.7530996555260304e-05,1.5754491561446722e-07,22.0
0.4605246279933383,0.5391972183719284,0.00020035579040171369,1.070000384664116e-05,1.3579261132924812e-05,5.3384241778233016e-05,1.34337566181993e-07,22.5
0.45737223904695185,0.5424188655816342,0.00013444823346283564,3.6751478372612427e-06,1.245900935280017e-05,5.81996926908396e-05,1.132880151362994e-07,23.0
0.4538242589237321,0.5460267333361982,7.237100683697234e-05,5.874855945223784e-06,1.0384351357716065e-05,6.027187541724857e-05,1.0565056525060067e-07,23.5
0.4500103425371988,0.5498574435218528,5.9352989795403445e-05,5.06260448288677e-06,9.261062026849013e-06,5.844267779242966e-05,9.460679230158142e-08,24.0
0.44650607611235393,0.5533159390265812,0.00010790737161584217,7.195282172728824e-06,9.933698774424955e-06,5.2855307253146206e-05,9.320125393414595e-08,24.5
0.44712147670709473,0.5527453024607912,6.875220961616651e-05,8.406966637938754e-06,1.1665644404523436e-05,4.429067013826455e-05,1.0534132124965161e-07,25.0
0.4471747443519185,0.5527286766956048,3.338598257835302e-05,1.224612124734677e-05,1.5806758249383604e-05,3.5008301466510244e-05,1.3178890010677808e-07,25.5
0.44739302897494365,0.5525160417018214,2.4174567757101244e-05,1.7601280583992624e-05,2.1699017066761233e-05,2.7331564172289025e-05,1.2289365505998643e-07,26.0
0.44713055123446704,0.5527798068292796,1.918044345909693e-05,1.8190305081456087e-05,2.855218280188087e-05,2.3586644129953247e-05,1.3236081634584392e-07,26.5
0.46216747547586107,0.5377110710421779,4.697343424935711e-05,1.7252431035043382e-05,3.614173214687738e-05,2.0946916856341255e-05,1.3896763676891137e-07,27.0
0.5156042564524875,0.484257205020269,5.7060557820863495e-05,1.4799447039728872e-05,4.4909103016901406e-05,2.16302929536642e-05,1.3912648318438346e-07,27.5
0.6424503294700311,0.35739340687813126,6.07517663237687e-05,1.2806245925186413e-05,5.406391732287879e-05,2.85006714462749e-05,1.4105079610039274e-07,28.0
0.6475301246488764,0.35231950234729564,4.475778645086554e-05,1.0153659510891688e-05,6.403308283364838e-05,3.128734448136833e-05,1.4113056180974647e-07,28.5
0.6494790942020674,0.35037242206732916,2.6928877769916753e-05,8.740426201962499e-06,7.438761851005692e-05,3.8298691584532404e-05,1.2811653727345516e-07,29.0
0.6506846232626655,0.3491593534937419,1.4907038434388421e-05,7.2780017260465895e-06,8.804159243904893e-05,4.5682453513232936e-05,1.1415742579840545e-07,29.5
0.7923798696378196,0.20745133194947746,8.441897632745582e-06,6.252577575212867e-06,0.00010147950923565916,5.2519572728514926e-05,1.0485553592101772e-07,30.0
0.8294169266389249,0.1703958864134098,7.571450622371256e-06,4.356287650688396e-06,0.00011290850624212614,6.225831219200171e-05,9.239093684118523e-08,30.5
0.8342285287884881,0.16556899910747264,5.239190344030287e-06,3.5757626512641733e-06,0.00012180429905482137,7.176282735403777e-05,9.002457092022648e-08,31.0
0.8452864226062539,0.15448411016115446,1.863072051919244e-05,3.5143702155847494e-06,0.00012805050830837922,7.918498507439103e-05,8.664844831012606e-08,31.5
0.8562018134286957,0.14349443432050213,8.571735274136641e-05,3.968652273381017e-06,0.00013256792633855243,8.140165321274701e-05,9.666625478306659e-08,32.0
0.8570754150389782,0.14235078712110036,0.0003564032067281763,3.89868145526388e-06,0.0001378152154252094,7.558085367430418e-05,9.988267819280989e-08,32.5
0.8582432190705789,0.14026537291841265,0.0012762693155416224,3.135465701261006e-06,0.0001470084512852135,6.48942081593663e-05,1.0057031431601475e-07,33.0
0.8653146515400514,0.13110715081421062,0.003371195968450341,2.8482541254736878e-06,0.00015112554439317962,5.293927251194269e-05,8.860630023082328e-08,33.5
0.8749029000669126,0.1198333580614467,0.005058866929570246,3.4287505132386914e-06,0.00015195261239671435,4.9413970955663414e-05,7.960820506282147e-08,34.0
0.8824929195786584,0.11361383536263957,0.003708273254868588,3.4085087235974056e-06,0.00014699811326951762,3.4492471093520355e-05,7.271072587029356e-08,34.5
0.8863909564380086,0.11227669186994296,0.0011649688456041786,2.2261292413029916e-06,0.00013552026025386574,2.9555311816238995e-05,8.11450878978632e-08,35.0
0.8879331239127807,0.11155731542499416,0.00025675812812286,9.736157858683628e-05,0.00011837210191005476,3.699190534672772e-05,7.694827367051069e-08,35.5
0.8889470660420007,0.11070439504534643,0.0001931491846132638,1.2940150502270672e-05,9.965513136020174e-05,4.269867773993211e-05,9.576845541287283e-08,36.0
0.8905088930884931,0.10924641036499319,0.00011141484002519735,1.1978096641910626e-05,8.486499466651771e-05,3.638060712602156e-05,5.800805813807337e-08,36.5
0.8903027884547569,0.10956646201796927,2.8982191436470816e-05,3.4145735327625317e-06,7.53261120304226e-05,2.2974474869616418e-05,5.217537512726559e-08,37.0
0.8901260810588867,0.10978532397476698,7.125342685616531e-06,2.6024102912332903e-06,6.915408329767786e-05,9.66292565194248e-06,5.020432478228683e-08,37.5
0.8958549493886241,0.10406977237564743,7.0907744632740475e-06,1.2496253724675749e-06,6.482448719692945e-05,2.0556267426985846e-06,5.7721956102393265e-08,38.0
0.9401210476261735,0.059791650013553355,1.8220962751030423e-05,5.443129017272528e-06,6.249649895280094e-05,1.0842854455324462e-06,5.74840808201801e-08,38.5
0.9764703199233646,0.02345714423339203,5.057212792621296e-06,2.2887352281644325e-06,6.291076700157886e-05,2.1673018767245554e-06,1.118263156738323e-07,39.0
0.9851996955370519,0.014726296706351413,8.03924092678014e-06,4.264714380607945e-06,5.9885341725558536e-05,1.7178796536293547e-06,1.0057990678990819e-07,39.5
0.9879721403710392,0.011952876776078047,1.0008181964058699e-05,6.8893745126794216e-06,5.737948816541107e-05,5.581151823981483e-07,1.4769302399147724e-07,40.0
0.9893765029960809,0.010539759421081485,1.9037314395093456e-05,8.988436552391636e-06,5.496311068966334e-05,6.43562433427965e-07,1.0515873243164082e-07,40.5
0.9905931351471082,0.00931057129280178,3.411147319547735e-05,8.520773668568422e-06,5.275350457533954e-05,8.135127148614507e-07,9.429593717076315e-08,41.0
0.9920364143328637,0.00786197793649649,4.341675545627334e-05,5.466045985450498e-06,5.2092518602341425e-05,5.341149445185592e-07,9.829570015635388e-08,41.5
0.9501742042515074,0.04973437801730697,3.889977142700147e-05,3.4700252558903384e-06,4.8375790749260034e-05,5.74604536263172e-07,9.753920209477014e-08,42.0
0.9276590209273178,0.07226943959895792,2.3043875324341363e-05,2.630979771591574e-06,4.5167493971968496e-05,6.008731065734274e-07,9.625151004349636e-08,42.5
0.9648086584149707,0.034867900225271496,0.0002772009097651774,1.2487020165904697e-06,4.437896415801241e-05,5.200263519206128e-07,9.275740649298039e-08,43.0
0.9877634931571535,0.012111970519170736,6.594333663453519e-05,1.4491174658968389e-05,4.343563661988684e-05,5.841329632912315e-07,8.204281738972755e-08,43.5
0.9940236401123185,0.005901071490702978,2.951041180588388e-05,2.3427725401053965e-06,4.2709546621846366e-05,6.510938648544534e-07,7.457214252955945e-08,44.0
0.9954267609665879,0.004519417403805008,9.563398277272946e-06,3.1947406251798988e-06,4.0200364633823354e-05,7.715359242284155e-07,9.159011486643629e-08,44.5
0.9977517245048342,0.0022004378238525625,7.432109909585868e-06,2.1108841574919313e-06,3.730771087350859e-05,8.909454266104657e-07,9.602089225587259e-08,45.0
0.9994583023967931,0.0005024699395776742,2.579536462016506e-06,1.4140967443024083e-06,3.41602869527167e-05,9.823168145035095e-07,9.142668498256819e-08,45.5
0.9997912499052616,0.00016876667064120616,4.2933013556139125e-06,1.281512831508446e-06,3.313489838943317e-05,1.2113252217739156e-06,6.238629053395515e-08,46.0
0.9997656396075121,0.00019927158058322602,8.299454507646897e-07,1.7022050781159245e-06,3.1025683661242406e-05,1.4723128315473924e-06,5.86648326242196e-08,46.5
0.998998735051789,0.0009659252728329454,2.3230727739845035e-06,1.7760834347834035e-06,2.9266667455462892e-05,1.917353735312874e-06,5.64979493446581e-08,47.0
0.9965073201740756,0.003456613251544159,2.55156053637968e-06,2.2670085028391905e-06,2.856227200856155e-05,2.6508849567703747e-06,3.4848351189906625e-08,47.5
0.993718053010616,0.006246039323500087,2.6540195405716173e-06,3.0875337311294556e-06,2.6591678931572868e-05,3.5419879172912644e-06,3.244576024571208e-08,48.0
0.9942308178268162,0.005732518864873578,2.1144505744532887e-06,4.463902017242874e-06,2.538327477756872e-05,4.671518232336906e-06,3.0162682404569724e-08,48.5
0.9965827080404441,0.0033786593767491696,2.0002542579956467e-06,5.550300671259891e-06,2.4719176739524622e-05,6.333918301426461e-06,2.8932847721865197e-08,49.0
0.997664508486459,0.002295232077501809,1.163839254648458e-06,6.033699906513245e-06,2.4210170473744598e-05,8.823667713209653e-06,2.805870630718976e-08,49.5
0.9969611135538994,0.0029967098991145664,1.2246979916399183e-06,5.600139655392609e-06,2.2903169148651e-05,1.2421035882710449e-05,2.750433126566008e-08,50.0
0.9948017852231925,0.005154288649535218,1.589818832883981e-06,4.739424635299252e-06,2.0149907555411735e-05,1.7410504684220553e-05,3.647150861356475e-08,50.5
0.990008396276251,0.009945091910208887,1.6972933396027003e-06,4.012813672579146e-06,1.67709574443704e-05,2.3995367324800896e-05,3.538177262096105e-08,51.0
0.981280029501378,0.01866663513475432,2.6183253840282817e-06,3.6165744508332857e-06,1.4885836568486546e-05,3.217942144379239e-05,3.520603544791047e-08,51.5
0.9694239277239051,0.030507960322820462,6.448753824014788e-06,4.7896988046817645e-06,1.5276260302698688e-05,4.153544489153564e-05,6.179546826724303e-08,52.0
0.9581361164309976,0.041780038816666976,1.2762068144477399e-05,3.812237626748688e-06,1.619817327535445e-05,5.100851997919512e-05,6.37533598286881e-08,52.5
0.9521502301936557,0.04774741411013799,2.2458710670213793e-05,4.200835763539841e-06,1.6533665561283074e-05,5.9097948618069066e-05,6.453556109438174e-08,53.0
0.9527492464775857,0.047120625349256234,4.270528804630545e-05,6.786248808928762e-06,1.6325055600404665e-05,6.419626500412511e-05,1.1531569086285016e-07,53.5
0.9578367996052584,0.04201264689280949,5.431205707434765e-05,1.5738018096964964e-05,1.5442900769772078e-05,6.493989120929219e-05,1.2063480811376326e-07,54.0
0.9644524696280546,0.03539049601616648,5.244867100190298e-05,2.890403847461837e-05,1.4550474237326687e-05,6.095717351264857e-05,1.7399859523399172e-07,54.5
0.970959665576493,0.02890451090812764,3.359539572234692e-05,3.375244017270617e-05,1.4545933993225883e-05,5.373576925534583e-05,1.9397625505799557e-07,55.0
0.9769937682515538,0.022791346520040338,0.00012854263786886403,2.4792259661482324e-05,1.557683082817943e-05,4.5802594720605966e-05,1.7090528134022954e-07,55.5
0.9829528912368531,0.01694161777683836,4.0978287449006715e-05,8.408047519784097e-06,1.763467344452061e-05,3.8345040567141375e-05,1.2493729446593828e-07,56.0
0.9874742403468678,0.012393883512371239,7.822202815243802e-05,2.1695660343812196e-06,2.132367660577162e-05,3.0052666353732663e-05,1.082036216871374e-07,56.5
0.9742678103010167,0.025659069686827518,2.430319841056238e-05,1.591668407876751e-06,2.6692195706242578e-05,2.0379388608579583e-05,1.5356100958696642e-07,57.0
0.8874653592170891,0.11246169359234358,3.0322414139478924e-05,2.587553736514271e-06,2.6934034972110402e-05,1.2960914030100927e-05,1.4227371372379252e-07,57.5
0.8866206667253049,0.11331184540359561,2.451941065123132e-05,4.083590082035927e-06,2.7712435140011204e-05,1.1094067895741068e-05,7.836731944783306e-08,58.0
0.8873305619977526,0.11260511060421886,1.7692334081494242e-05,6.030653504664962e-06,2.6130987955350574e-05,1.4419363678481709e-05,5.405873182104297e-08,58.5
0.8857972894519813,0.11412600046274839,2.757849858453854e-05,7.096387223531212e-06,2.3351778961008442e-05,1.8632377079594905e-05,5.1043420629850104e-08,59.0
0.8694176248400228,0.13042211373770277,0.0001055023392982456,1.5235653823640525e-05,2.1111034588498984e-05,1.8361855434706295e-05,5.053917627776433e-08,59.5
0.8467132161164627,0.153017006362588,0.00023234019225697538,4.528386273442816e-06,2.097219487508735e-05,1.1812038151648403e-05,1.2470940884749864e-07,60.0
0.8218552436750177,0.1780164701873822,0.00010045634791457755,1.5508974738276167e-06,2.2182038015763747e-05,3.972331062306194e-06,1.2452311998682646e-07,60.5
0.8065083102082217,0.1934309718807065,3.432461458927824e-05,2.059777269919133e-06,2.324976698291643e-05,9.71907718747826e-07,1.118445374719704e-07,61.0
0.7994009899592295,0.20055397506681794,1.4944079545346292e-05,4.949912004315785e-06,2.339190135048788e-05,1.6398160924143718e-06,1.0926493109406107e-07,61.5
0.7966256070886364,0.2033310928850372,1.3938528697430529e-05,4.339625495060689e-06,2.379004954648949e-05,1.1212703506438261e-06,1.105522379105265e-07,62.0
0.7967896691768106,0.20315688145657962,2.537685785821039e-05,3.306567881170374e-06,2.4155573297557927e-05,4.884370241283572e-07,1.2193051935728248e-07,62.5
0.801167091164125,0.19879319087917988,1.3801039762363738e-05,2.2977083576571957e-06,2.2699078459953843e-05,5.791641513592408e-07,3.4096601244353816e-07,63.0
0.8711255612301205,0.1288311442478999,1.96860319878199e-05,1.5314389479432472e-06,2.123640862962316e-05,7.112737160253611e-07,1.2936869183048255e-07,63.5
0.8669802007199677,0.13292254300874362,6.022027941586203e-05,1.6524011425431466e-05,1.9612924292208212e-05,7.120052554133843e-07,1.8705091328274555e-07,64.0
0.8683680919313601,0.1315144038456709,9.232930575958808e-05,6.062819387704646e-06,1.8130156435409136e-05,8.450968773789697e-07,1.368445382559976e-07,64.5
0.8728443813108456,0.12673526503231933,0.00040078191989721126,1.5691273088425186e-06,1.6896566634064545e-05,9.625001998209213e-07,1.435428317785864e-07,65.0
0.8793838744466586,0.119624690787651,0.0009734870517385647,7.87443608855497e-07,1.5929302929647664e-05,1.109976545513067e-06,1.209908655344304e-07,65.5
0.8837676526305662,0.11572852315274816,0.0004867335105699909,4.541733514254223e-07,1.5154114330972984e-05,1.3581125982311302e-06,1.2430581958506366e-07,66.0
0.883207062072454,0.11667321488150062,0.00010257954579097637,5.28060199765926e-07,1.4458718931219222e-05,2.0150432337494516e-06,1.4167787888802366e-07,66.5
0.8823984567422115,0.11741209817213008,0.0001628923809130461,7.970142735778615e-06,1.5055687549806116e-05,3.3742982836185e-06,1.525761779907284e-07,67.0
0.8778951392447376,0.12207170436529997,8.841337826588991e-06,3.173587003223625e-06,1.57710535741778e-05,5.251863340284161e-06,1.1854820543536871e-07,67.5
0.8727036973249666,0.1272656935681811,5.571909794537386e-06,1.7837182528750167e-06,1.5757836599761182e-05,7.391808523437644e-06,1.0383361814883966e-07,68.0
0.8731377816946367,0.12683335314026822,1.3554867901140444e-06,1.1083448252708213e-06,1.6701619090722156e-05,9.607165049230393e-06,9.254934421299082e-08,68.5
0.8855691140269859,0.11439752123214768,2.793280002695669e-06,1.090746368477418e-06,1.758295129239092e-05,1.1812384516499197e-05,8.537868936954644e-08,69.0
0.8967936605954535,0.10316384244511996,6.840897190269806e-06,4.4328858517256544e-07,2.068146370478442e-05,1.4451860961728683e-05,7.94489728166723e-08,69.5
0.8930707559827646,0.10687999783483298,6.03639854670976e-06,6.103965773719079e-07,2.449830412983776e-05,1.8026273478995604e-05,7.480965561002728e-08,70.0
0.8857566854471156,0.11419158439075162,3.465653400104615e-06,6.626215891524165e-07,2.7441116238221038e-05,2.008749954145189e-05,7.327138934010938e-08,70.5
0.8819871159641717,0.11795678084180265,3.3453503657060164e-06,8.555372727028746e-07,2.85266707530822e-05,2.330848740281906e-05,6.714825762499786e-08,71.0
0.8815149014589353,0.11842485373717399,3.436519321427898e-06,5.243973121406245e-07,2.825129944896981e-05,2.797839003136923e-05,5.4197770840016695e-08,71.5
0.8810082711813121,0.11889917337067679,3.0322394556326737e-05,2.0423499892638124e-07,2.7702664470575303e-05,3.427481326988795e-05,5.134073377437372e-08,72.0
0.8794156630985301,0.12050546974478908,8.327067665949597e-06,1.1377460800641545e-07,2.8596182580267794e-05,4.1785545518293055e-05,4.4586360837206824e-08,72.5
0.877100892862894,0.12281210618523548,8.09123998148019e-06,2.3479045793327164e-07,2.879611212841674e-05,4.9836412200223975e-05,4.2397072562045915e-08,73.0
0.8754960841704523,0.12441083745404649,6.364480602515318e-06,4.189492638225032e-07,2.8543535429816902e-05,5.7710032473140565e-05,4.137774245763976e-08,73.5
0.8750941792917055,0.12480744838828518,4.445596504264057e-06,7.173010006582451e-07,2.8584119844783256e-05,6.459715213481902e-05,2.8150506542806416e-08,74.0
0.8754818444069148,0.12441911198594235,1.1595949958026167e-06,8.029804980244188e-07,2.7205589748663205e-05,6.983443518571354e-05,4.100671579250875e-08,74.5
0.8761202530132076,0.12377421032707085,7.162348197933622e-06,4.853570864820593e-07,2.446563249189916e-05,7.337313655294468e-05,5.018534202308537e-08,75.0
0.8704779164880778,0.12941992979202707,8.051336640403948e-06,5.6349400363556e-07,2.166830848639711e-05,7.181123819862784e-05,5.934258730755178e-08,75.5
0.8642024542525881,0.13570191386695474,6.845860067995649e-06,1.3792232659979518e-06,1.8859475355970475e-05,6.848279515010646e-05,6.452663760251467e-08,76.0
0.8573499264456236,0.14255581263370293,1.249267626670298e-05,2.5909420457134114e-06,1.575795282937229e-05,6.3351642814499e-05,6.770670844153715e-08,76.5
0.8503485204082065,0.14956394480628446,1.2766013844022296e-05,3.793139226687989e-06,1.3670238061515572e-05,5.7232180017011053e-05,7.321431864819449e-08,77.0
0.8432538555551148,0.15665644856627842,2.0233292820735728e-05,5.2184659240714165e-06,1.2344038564198158e-05,5.181528894567187e-05,8.479237987702412e-08,77.5
0.8361812683948355,0.16371778867785033,3.460296292559201e-05,6.363042608870889e-06,1.1758233434044147e-05,4.811709997668117e-05,1.0158836004092078e-07,78.0
0.8289632901234909,0.17090729983416333,6.514026871246996e-05,6.579939337148554e-06,1.1680892189269524e-05,4.589287545702193e-05,1.1606667259521166e-07,78.5
0.8213858382837373,0.17842779618908938,0.0001229399217431875,6.952343765628563e-06,1.2101526787403509e-05,4.425718623342467e-05,1.1454862431153971e-07,79.0
0.8141042190264357,0.1856326654081638,0.00019260745292878445,1.5358278382075873e-05,1.2374951173927452e-05,4.265754075796717e-05,1.1734215470174297e-07,79.5
0.8059944507795657,0.19371703823689007,0.0002277209060636226,6.585973524820563e-06,1.2445362167894225e-05,4.167106135404291e-05,8.768040304328291e-08,80.0
0.7938780793155295,0.20588588420762632,0.00018039455699312204,1.5208086899815295e-06,1.2799121592392681e-05,4.124535576198982e-05,7.663384162547568e-08,80.5
0.7786817939505455,0.2211765789956919,8.683902683562575e-05,4.77787585850644e-07,1.3723915627184372e-05,4.0527774070410065e-05,5.8549648398949665e-08,81.0
0.7735076786650436,0.2263884459130323,4.952748569066141e-05,2.6655259787909e-07,1.4785200196498295e-05,3.925908891813283e-05,3.7094531151436066e-08,81.5
0.7785173011273423,0.2212934808200257,0.00013694460377620322,2.838597451137246e-07,1.500536281937273e-05,3.6963549505616565e-05,2.067678901798368e-08,82.0
0.7856587497407519,0.21395670368560563,0.00033683087724288693,2.6902402525471795e-07,1.410476690522228e-05,3.332210983637701e-05,1.9795693283667458e-08,82.5
0.7957281759531825,0.20367320301893338,0.0005564665089647027,3.1716716737299807e-07,1.3072676641427318e-05,2.8733628491025835e-05,3.1046618763350086e-08,83.0
0.8119797302386565,0.18730881716211717,0.0006741913945982578,3.559201681907702e-07,1.2774558058483263e-05,2.409777145074728e-05,3.295491335242329e-08,83.5
0.8271906262288831,0.17213034682422512,0.000645634218262051,3.663232550179063e-07,1.2673062703380938e-05,2.0322534030317945e-05,3.08086344955716e-08,84.0
0.8354283656810279,0.16401551727777594,0.0005260225666579711,5.561382172857568e-07,1.1777097431461215e-05,1.7733567456742255e-05,2.7671406734690855e-08,84.5
0.837761030261107,0.16180601758019172,0.0004057575244663902,8.897642178079158e-07,1.0224351676908896e-05,1.6056952778426613e-05,2.3565509892542287e-08,85.0
0.8358025274459971,0.16384177111360496,0.00033044563670447204,1.4555044207116847e-06,9.011563463553667e-06,1.476910271974873e-05,1.963309535939241e-08,85.5
0.8297811802891566,0.16990961639805974,0.0002849093266794993,2.1874060499069404e-06,8.570715675446695e-06,1.3470215925912295e-05,6.564846984147507e-08,86.0
0.8194777434545967,0.18027699315815193,0.0002215761578325296,3.022625665857659e-06,8.487553943378591e-06,1.2120430849124362e-05,5.6618964443144074e-08,86.5
0.8066747613282634,0.19316597020947243,0.00013701121716924565,3.612692241950518e-06,7.575554011735804e-06,1.1012641757971572e-05,5.635713446358054e-08,87.0
0.7953477531684019,0.20457808583102843,5.336865032226209e-05,3.617685511494612e-06,6.7212224872950055e-06,1.040840227470501e-05,4.504000419805827e-08,87.5
0.7873035123750705,0.21265598591223017,2.1193452107014873e-05,2.9151452126347486e-06,6.305210436959646e-06,1.0046884899008544e-05,4.1020068723175284e-08,88.0
0.7824618208414056,0.21750958402155252,1.0443971492514406e-05,2.164902590156771e-06,6.233010172367936e-06,9.715095082429061e-06,3.8157631107454376e-08,88.5
0.7799734208614092,0.22000428920533752,4.502411420564002e-06,2.217034085541248e-06,6.233511252769703e-06,9.301764551779969e-06,3.521196103005014e-08,89.0
0.7789729072982071,0.2210099682341623,1.1043452070823292e-06,1.0598045123559237e-06,6.077947979665053e-06,8.848524422651598e-06,3.384543584059822e-08,89.5
0.7785424545001938,0.221442158358555,3.9823297880291036e-07,7.355040009026734e-07,6.063000547413456e-06,8.156004739826603e-06,3.439896318590402e-08,90.0
0.7782349886033246,0.22175041284108699,5.890973571391758e-07,5.72873883461551e-07,5.7626612053221365e-06,7.650857884689632e-06,2.3065332882720472e-08,90.5
0.7779498835299018,0.22203554153807523,1.3097189503206878e-06,3.9963793866232416e-07,5.666167388491773e-06,7.137778648054897e-06,6.162909155076185e-08,91.0
0.7777596386913622,0.2222253593567189,2.507313377187906e-06,1.9263630442330402e-07,5.5408036565464126e-06,6.703005164488677e-06,5.819339236792802e-08,91.5
0.7779070071741224,0.222075549719562,4.884546988913928e-06,1.8823924520013968e-07,5.804722076051275e-06,6.492134065591079e-06,7.346394558737435e-08,92.0
0.7779864031598563,0.2219908461283054,9.52167831948627e-06,4.629756911828121e-07,6.305413413725436e-06,6.388145414209668e-06,7.249901807050447e-08,92.5
0.7776454267533642,0.22231892616123383,2.1820786995437773e-05,8.716793580218985e-07,6.7451474985697535e-06,6.136121313945773e-06,7.335018669849475e-08,93.0
0.7763976614054489,0.22353999266475397,4.841205245995959e-05,1.4193381353233727e-06,6.804002817713402e-06,5.642353065621242e-06,6.818339154884625e-08,93.5
0.7734903335299469,0.22640743654893314,8.853859093440388e-05,2.2184752672636494e-06,6.414532334313193e-06,4.995512330458909e-06,6.281031176222942e-08,94.0
0.7676605246256899,0.23219874338372673,0.00012686351267800154,3.7219059429440877e-06,5.8481245536009855e-06,4.24082027364862e-06,5.7627144554860986e-08,94.5
0.7580353366680754,0.24180719982681761,0.00014274832588677215,5.849464715833299e-06,5.391690075595864e-06,3.4282266479321172e-06,4.579777912384236e-08,95.0
0.6759836775098331,0.32373323862019077,0.0002634219297634806,1.2221502127690092e-05,5.042592620553349e-06,2.3503966489880733e-06,4.744882750534502e-08,95.5
0.6991634671384538,0.3004694548774649,0.00029045597579485617,6.983885571451173e-05,4.735507134318187e-06,1.992978347023213e-06,5.46670908044351e-08,96.0
0.650189578127629,0.34951657497707844,0.00026917588383633373,1.7670309880150564e-05,4.787060019908233e-06,2.1550109906854576e-06,5.863056805472616e-08,96.5
0.6149129043494699,0.3848007513788729,0.0002667581848960621,1.1487794987532219e-05,5.132374377027068e-06,2.9044612460157918e-06,6.145608303668047e-08,97.0
0.6102218998817616,0.38952963276425917,0.000230808211824731,7.645883130777299e-06,5.440669760356585e-06,4.513185629275043e-06,5.940360502200168e-08,97.5
0.6404280661383012,0.3593935738770282,0.00016240489351885816,3.836344545652285e-06,5.6529585645925105e-06,6.41153585476433e-06,5.4252234083829173e-08,98.0
0.6662788547522334,0.33358444398321585,0.00012052002505843432,1.9901935941071025e-06,5.909859261989008e-06,8.233070988938661e-06,4.811568570025984e-08,98.5
0.6778763084472159,0.3220264128519522,7.982049004236219e-05,9.957291345864133e-07,6.3351893014452335e-06,1.008170618910221e-05,4.558618509094041e-08,99.0
0.6477519728059382,0.3521785407488732,5.056312891619922e-05,4.124146088866358e-07,6.685752278862738e-06,1.1765641848722312e-05,5.9507568926942135e-08,99.5
0.6131839431936539,0.3866314878174028,0.00016294643408302725,2.4774648814213467e-07,6.841032353790384e-06,1.4477956686959879e-05,5.5819289255929226e-08,100.0
